Date,Description,Debit,Credit,Balance
01/09/2025,ACH DEBIT GREENVIEW PROPERTY MGMT 00231,"1,400.00",,"9,710.00"
01/09/2025,DEBIT CARD PURCHASE CHIPOTLE 2231,31.16,,"9,678.84"
02/09/2025,TRANSFER TO SAV XX4521,300.00,,"9,378.84"
02/09/2025,ATM WITHDRAWAL 1123 MAIN ST,60.00,,"9,318.84"
03/09/2025,ATM WITHDRAWAL 1123 MAIN ST,100.00,,"9,218.84"
04/09/2025,VENMO PAYMENT 7852220,62.79,,"9,156.05"
05/09/2025,ACH DEBIT AUTOFIN LOAN PMT,310.00,,"8,846.05"
05/09/2025,DEBIT CARD PURCHASE CHIPOTLE 2231,24.91,,"8,821.14"
06/09/2025,DEBIT CARD PURCHASE SAFEWAY #1234,36.90,,"8,784.24"
07/09/2025,VENMO PAYMENT 1637904,75.76,,"8,708.48"
08/09/2025,DEBIT CARD PURCHASE SAFEWAY #1234,72.65,,"8,635.83"
10/09/2025,DEBIT CARD PURCHASE CVS/PHARMACY #0921,19.49,,"8,616.34"
11/09/2025,DEBIT CARD PURCHASE SAFEWAY #1234,40.90,,"8,575.44"
12/09/2025,VENMO PAYMENT 3621631,35.10,,"8,540.34"
13/09/2025,DEBIT CARD PURCHASE CVS/PHARMACY #0921,31.41,,"8,508.93"
15/09/2025,ACH DEBIT VERIZON WIRELESS PAYMENTS,49.42,,"8,459.51"
15/09/2025,VENMO PAYMENT 5348639,60.08,,"8,399.43"
16/09/2025,ATM WITHDRAWAL 1123 MAIN ST,40.00,,"8,359.43"
17/09/2025,DEBIT CARD PURCHASE CHIPOTLE 2231,21.19,,"8,338.24"
18/09/2025,ATM WITHDRAWAL 1123 MAIN ST,100.00,,"8,238.24"
19/09/2025,DEBIT CARD PURCHASE CHIPOTLE 2231,13.60,,"8,224.64"
20/09/2025,VENMO PAYMENT 3475655,87.36,,"8,137.28"
21/09/2025,DEBIT CARD PURCHASE CVS/PHARMACY #0921,29.49,,"8,107.79"
22/09/2025,VENMO PAYMENT 7189540,49.99,,"8,057.80"
23/09/2025,DEBIT CARD PURCHASE CVS/PHARMACY #0921,27.52,,"8,030.28"
24/09/2025,DEBIT CARD PURCHASE CVS/PHARMACY #0921,54.18,,"7,976.10"
25/09/2025,DEBIT CARD PURCHASE CVS/PHARMACY #0921,48.66,,"7,927.44"
26/09/2025,VENMO PAYMENT 6077327,50.41,,"7,877.03"
27/09/2025,DEBIT CARD PURCHASE SAFEWAY #1234,28.43,,"7,848.60"
28/09/2025,DEBIT CARD PURCHASE CVS/PHARMACY #0921,38.18,,"7,810.42"
28/09/2025,ONLINE PMT REWARDS CARD AUTOPAY,627.85,,"7,182.57"
29/09/2025,ATM WITHDRAWAL 1123 MAIN ST,100.00,,"7,082.57"
30/09/2025,DEBIT CARD PURCHASE CVS/PHARMACY #0921,47.69,,"7,034.88"
30/09/2025,PAYROLL ACME DESIGN CO PPD ID:99812,,"4,850.00","11,884.88"
01/10/2025,ACH DEBIT GREENVIEW PROPERTY MGMT 00231,"1,400.00",,"10,484.88"
01/10/2025,DEBIT CARD PURCHASE SAFEWAY #1234,26.91,,"10,457.97"
02/10/2025,TRANSFER TO SAV XX4521,300.00,,"10,157.97"
02/10/2025,DEBIT CARD PURCHASE CHIPOTLE 2231,21.18,,"10,136.79"
03/10/2025,HOMESHIELD INS PREMIUM,186.00,,"9,950.79"
03/10/2025,DEBIT CARD PURCHASE CVS/PHARMACY #0921,58.93,,"9,891.86"
04/10/2025,VENMO PAYMENT 8496213,67.97,,"9,823.89"
05/10/2025,ACH DEBIT AUTOFIN LOAN PMT,310.00,,"9,513.89"
05/10/2025,DEBIT CARD PURCHASE CVS/PHARMACY #0921,16.98,,"9,496.91"
07/10/2025,DEBIT CARD PURCHASE CVS/PHARMACY #0921,12.97,,"9,483.94"
08/10/2025,DEBIT CARD PURCHASE CVS/PHARMACY #0921,40.56,,"9,443.38"
09/10/2025,DEBIT CARD PURCHASE SAFEWAY #1234,62.62,,"9,380.76"
11/10/2025,DEBIT CARD PURCHASE CVS/PHARMACY #0921,21.03,,"9,359.73"
12/10/2025,DEBIT CARD PURCHASE CHIPOTLE 2231,18.48,,"9,341.25"
13/10/2025,VENMO PAYMENT 1073301,61.92,,"9,279.33"
14/10/2025,VENMO PAYMENT 0138894,23.94,,"9,255.39"
15/10/2025,ACH DEBIT VERIZON WIRELESS PAYMENTS,49.01,,"9,206.38"
15/10/2025,DEBIT CARD PURCHASE CVS/PHARMACY #0921,52.59,,"9,153.79"
17/10/2025,DEBIT CARD PURCHASE CHIPOTLE 2231,10.10,,"9,143.69"
18/10/2025,VENMO PAYMENT 7252183,19.44,,"9,124.25"
19/10/2025,ATM WITHDRAWAL 1123 MAIN ST,20.00,,"9,104.25"
20/10/2025,CITY WATER UTIL #4471,121.05,,"8,983.20"
20/10/2025,ATM WITHDRAWAL 1123 MAIN ST,20.00,,"8,963.20"
21/10/2025,VENMO PAYMENT 0825302,82.01,,"8,881.19"
22/10/2025,VENMO PAYMENT 2065665,15.12,,"8,866.07"
23/10/2025,ATM WITHDRAWAL 1123 MAIN ST,60.00,,"8,806.07"
25/10/2025,DEBIT CARD PURCHASE CVS/PHARMACY #0921,55.10,,"8,750.97"
26/10/2025,VENMO PAYMENT 0754365,34.06,,"8,716.91"
27/10/2025,VENMO PAYMENT 4263167,54.84,,"8,662.07"
28/10/2025,DEBIT CARD PURCHASE SAFEWAY #1234,16.22,,"8,645.85"
28/10/2025,ONLINE PMT REWARDS CARD AUTOPAY,"1,480.48",,"7,165.37"
29/10/2025,ATM WITHDRAWAL 1123 MAIN ST,100.00,,"7,065.37"
30/10/2025,DEBIT CARD PURCHASE CVS/PHARMACY #0921,49.42,,"7,015.95"
31/10/2025,VENMO PAYMENT 2183584,39.35,,"6,976.60"
31/10/2025,PAYROLL ACME DESIGN CO PPD ID:99812,,"4,850.00","11,826.60"
01/11/2025,ACH DEBIT GREENVIEW PROPERTY MGMT 00231,"1,400.00",,"10,426.60"
01/11/2025,DEBIT CARD PURCHASE SAFEWAY #1234,37.98,,"10,388.62"
02/11/2025,TRANSFER TO SAV XX4521,300.00,,"10,088.62"
02/11/2025,ATM WITHDRAWAL 1123 MAIN ST,60.00,,"10,028.62"
03/11/2025,DEBIT CARD PURCHASE CVS/PHARMACY #0921,22.87,,"10,005.75"
05/11/2025,ACH DEBIT AUTOFIN LOAN PMT,310.00,,"9,695.75"
05/11/2025,VENMO PAYMENT 0356977,74.96,,"9,620.79"
06/11/2025,VENMO PAYMENT 2627201,25.17,,"9,595.62"
07/11/2025,DEBIT CARD PURCHASE SAFEWAY #1234,73.40,,"9,522.22"
08/11/2025,DEBIT CARD PURCHASE CVS/PHARMACY #0921,16.20,,"9,506.02"
09/11/2025,DEBIT CARD PURCHASE CVS/PHARMACY #0921,28.81,,"9,477.21"
10/11/2025,VENMO PAYMENT 5226449,52.83,,"9,424.38"
12/11/2025,DEBIT CARD PURCHASE CHIPOTLE 2231,15.59,,"9,408.79"
13/11/2025,ATM WITHDRAWAL 1123 MAIN ST,100.00,,"9,308.79"
14/11/2025,DEBIT CARD PURCHASE CVS/PHARMACY #0921,56.56,,"9,252.23"
15/11/2025,ACH DEBIT VERIZON WIRELESS PAYMENTS,49.24,,"9,202.99"
16/11/2025,VENMO PAYMENT 8609363,48.60,,"9,154.39"
17/11/2025,DEBIT CARD PURCHASE CVS/PHARMACY #0921,40.94,,"9,113.45"
19/11/2025,ATM WITHDRAWAL 1123 MAIN ST,40.00,,"9,073.45"
20/11/2025,VENMO PAYMENT 6199642,65.93,,"9,007.52"
21/11/2025,DEBIT CARD PURCHASE CVS/PHARMACY #0921,47.73,,"8,959.79"
22/11/2025,DEBIT CARD PURCHASE CVS/PHARMACY #0921,17.00,,"8,942.79"
24/11/2025,ATM WITHDRAWAL 1123 MAIN ST,40.00,,"8,902.79"
26/11/2025,ATM WITHDRAWAL 1123 MAIN ST,40.00,,"8,862.79"
28/11/2025,VENMO PAYMENT 2856185,22.26,,"8,840.53"
28/11/2025,PAYROLL ACME DESIGN CO PPD ID:99812,,"4,850.00","13,690.53"
28/11/2025,ONLINE PMT REWARDS CARD AUTOPAY,"1,904.88",,"11,785.65"
29/11/2025,DEBIT CARD PURCHASE CVS/PHARMACY #0921,51.38,,"11,734.27"
30/11/2025,DEBIT CARD PURCHASE SAFEWAY #1234,20.99,,"11,713.28"
01/12/2025,ACH DEBIT GREENVIEW PROPERTY MGMT 00231,"1,400.00",,"10,313.28"
02/12/2025,TRANSFER TO SAV XX4521,300.00,,"10,013.28"
02/12/2025,DEBIT CARD PURCHASE CVS/PHARMACY #0921,34.08,,"9,979.20"
03/12/2025,DEBIT CARD PURCHASE CVS/PHARMACY #0921,51.48,,"9,927.72"
04/12/2025,ATM WITHDRAWAL 1123 MAIN ST,40.00,,"9,887.72"
05/12/2025,ACH DEBIT AUTOFIN LOAN PMT,310.00,,"9,577.72"
05/12/2025,DEBIT CARD PURCHASE CVS/PHARMACY #0921,42.86,,"9,534.86"
06/12/2025,DEBIT CARD PURCHASE CHIPOTLE 2231,29.45,,"9,505.41"
08/12/2025,DEBIT CARD PURCHASE CVS/PHARMACY #0921,14.59,,"9,490.82"
09/12/2025,DEBIT CARD PURCHASE SAFEWAY #1234,67.49,,"9,423.33"
10/12/2025,DEBIT CARD PURCHASE CVS/PHARMACY #0921,39.30,,"9,384.03"
11/12/2025,DEBIT CARD PURCHASE CHIPOTLE 2231,17.87,,"9,366.16"
12/12/2025,ATM WITHDRAWAL 1123 MAIN ST,40.00,,"9,326.16"
13/12/2025,VENMO PAYMENT 2813707,63.60,,"9,262.56"
14/12/2025,DEBIT CARD PURCHASE SAFEWAY #1234,16.17,,"9,246.39"
15/12/2025,ACH DEBIT VERIZON WIRELESS PAYMENTS,47.67,,"9,198.72"
16/12/2025,ATM WITHDRAWAL 1123 MAIN ST,60.00,,"9,138.72"
17/12/2025,VENMO PAYMENT 1218366,47.53,,"9,091.19"
18/12/2025,DEBIT CARD PURCHASE SAFEWAY #1234,40.16,,"9,051.03"
19/12/2025,VENMO PAYMENT 6933418,28.37,,"9,022.66"
21/12/2025,DEBIT CARD PURCHASE SAFEWAY #1234,42.86,,"8,979.80"
22/12/2025,ATM WITHDRAWAL 1123 MAIN ST,20.00,,"8,959.80"
24/12/2025,ATM WITHDRAWAL 1123 MAIN ST,60.00,,"8,899.80"
25/12/2025,DEBIT CARD PURCHASE CVS/PHARMACY #0921,49.68,,"8,850.12"
26/12/2025,DEBIT CARD PURCHASE CHIPOTLE 2231,28.06,,"8,822.06"
27/12/2025,DEBIT CARD PURCHASE SAFEWAY #1234,79.42,,"8,742.64"
28/12/2025,DEBIT CARD PURCHASE CVS/PHARMACY #0921,56.38,,"8,686.26"
28/12/2025,ONLINE PMT REWARDS CARD AUTOPAY,"2,757.65",,"5,928.61"
29/12/2025,DEBIT CARD PURCHASE SAFEWAY #1234,77.86,,"5,850.75"
31/12/2025,DEBIT CARD PURCHASE CVS/PHARMACY #0921,45.85,,"5,804.90"
31/12/2025,PAYROLL ACME DESIGN CO PPD ID:99812,,"4,850.00","10,654.90"
01/01/2026,ACH DEBIT GREENVIEW PROPERTY MGMT 00231,"1,400.00",,"9,254.90"
01/01/2026,DEBIT CARD PURCHASE CHIPOTLE 2231,15.17,,"9,239.73"
02/01/2026,TRANSFER TO SAV XX4521,300.00,,"8,939.73"
03/01/2026,DEBIT CARD PURCHASE CVS/PHARMACY #0921,56.09,,"8,883.64"
05/01/2026,ACH DEBIT AUTOFIN LOAN PMT,310.00,,"8,573.64"
05/01/2026,DEBIT CARD PURCHASE CVS/PHARMACY #0921,56.47,,"8,517.17"
07/01/2026,VENMO PAYMENT 6636703,89.15,,"8,428.02"
08/01/2026,DEBIT CARD PURCHASE CHIPOTLE 2231,29.98,,"8,398.04"
09/01/2026,DEBIT CARD PURCHASE CVS/PHARMACY #0921,49.72,,"8,348.32"
10/01/2026,DEBIT CARD PURCHASE CVS/PHARMACY #0921,59.07,,"8,289.25"
11/01/2026,VENMO PAYMENT 5357583,65.54,,"8,223.71"
13/01/2026,VENMO PAYMENT 8691136,23.84,,"8,199.87"
14/01/2026,DEBIT CARD PURCHASE SAFEWAY #1234,26.64,,"8,173.23"
15/01/2026,ACH DEBIT VERIZON WIRELESS PAYMENTS,47.14,,"8,126.09"
17/01/2026,DEBIT CARD PURCHASE CHIPOTLE 2231,23.62,,"8,102.47"
18/01/2026,ATM WITHDRAWAL 1123 MAIN ST,100.00,,"8,002.47"
19/01/2026,VENMO PAYMENT 2912306,29.78,,"7,972.69"
20/01/2026,CITY WATER UTIL #4471,119.70,,"7,852.99"
20/01/2026,DEBIT CARD PURCHASE CHIPOTLE 2231,13.81,,"7,839.18"
21/01/2026,DEBIT CARD PURCHASE CVS/PHARMACY #0921,22.40,,"7,816.78"
22/01/2026,VENMO PAYMENT 5987228,38.41,,"7,778.37"
23/01/2026,DEBIT CARD PURCHASE SAFEWAY #1234,71.25,,"7,707.12"
24/01/2026,VENMO PAYMENT 5944843,51.19,,"7,655.93"
26/01/2026,VENMO PAYMENT 3901618,80.09,,"7,575.84"
27/01/2026,DEBIT CARD PURCHASE SAFEWAY #1234,26.84,,"7,549.00"
28/01/2026,VENMO PAYMENT 8238299,29.79,,"7,519.21"
28/01/2026,ONLINE PMT REWARDS CARD AUTOPAY,"2,052.35",,"5,466.86"
30/01/2026,PAYROLL ACME DESIGN CO PPD ID:99812,,"4,850.00","10,316.86"
31/01/2026,ATM WITHDRAWAL 1123 MAIN ST,60.00,,"10,256.86"
01/02/2026,ACH DEBIT GREENVIEW PROPERTY MGMT 00231,"1,400.00",,"8,856.86"
01/02/2026,DEBIT CARD PURCHASE CVS/PHARMACY #0921,13.23,,"8,843.63"
02/02/2026,TRANSFER TO SAV XX4521,300.00,,"8,543.63"
02/02/2026,DEBIT CARD PURCHASE CHIPOTLE 2231,26.56,,"8,517.07"
04/02/2026,VENMO PAYMENT 9676503,30.21,,"8,486.86"
05/02/2026,ACH DEBIT AUTOFIN LOAN PMT,310.00,,"8,176.86"
05/02/2026,VENMO PAYMENT 0064632,70.27,,"8,106.59"
06/02/2026,VENMO PAYMENT 0830272,75.44,,"8,031.15"
07/02/2026,DEBIT CARD PURCHASE CVS/PHARMACY #0921,12.00,,"8,019.15"
08/02/2026,VENMO PAYMENT 3987776,50.21,,"7,968.94"
09/02/2026,DEBIT CARD PURCHASE CHIPOTLE 2231,19.13,,"7,949.81"
10/02/2026,ATM WITHDRAWAL 1123 MAIN ST,40.00,,"7,909.81"
11/02/2026,DEBIT CARD PURCHASE CVS/PHARMACY #0921,40.69,,"7,869.12"
12/02/2026,VENMO PAYMENT 3880656,46.61,,"7,822.51"
13/02/2026,ATM WITHDRAWAL 1123 MAIN ST,60.00,,"7,762.51"
15/02/2026,ACH DEBIT VERIZON WIRELESS PAYMENTS,51.76,,"7,710.75"
15/02/2026,DEBIT CARD PURCHASE CVS/PHARMACY #0921,44.49,,"7,666.26"
16/02/2026,DEBIT CARD PURCHASE SAFEWAY #1234,38.93,,"7,627.33"
17/02/2026,DEBIT CARD PURCHASE CHIPOTLE 2231,29.38,,"7,597.95"
18/02/2026,DEBIT CARD PURCHASE CHIPOTLE 2231,24.74,,"7,573.21"
19/02/2026,VENMO PAYMENT 4553427,18.88,,"7,554.33"
20/02/2026,VENMO PAYMENT 4074801,48.88,,"7,505.45"
21/02/2026,DEBIT CARD PURCHASE CHIPOTLE 2231,10.36,,"7,495.09"
22/02/2026,VENMO PAYMENT 0933373,71.59,,"7,423.50"
23/02/2026,VENMO PAYMENT 1521464,66.90,,"7,356.60"
24/02/2026,VENMO PAYMENT 6366334,85.88,,"7,270.72"
26/02/2026,DEBIT CARD PURCHASE CVS/PHARMACY #0921,58.19,,"7,212.53"
27/02/2026,VENMO PAYMENT 4706215,27.81,,"7,184.72"
27/02/2026,PAYROLL ACME DESIGN CO PPD ID:99812,,"4,850.00","12,034.72"
28/02/2026,DEBIT CARD PURCHASE CHIPOTLE 2231,27.07,,"12,007.65"
28/02/2026,ONLINE PMT REWARDS CARD AUTOPAY,"2,387.33",,"9,620.32"
01/03/2026,ACH DEBIT GREENVIEW PROPERTY MGMT 00231,"1,400.00",,"8,220.32"
01/03/2026,VENMO PAYMENT 5662381,63.06,,"8,157.26"
02/03/2026,TRANSFER TO SAV XX4521,300.00,,"7,857.26"
02/03/2026,ATM WITHDRAWAL 1123 MAIN ST,40.00,,"7,817.26"
03/03/2026,VENMO PAYMENT 2167453,50.16,,"7,767.10"
04/03/2026,ATM WITHDRAWAL 1123 MAIN ST,100.00,,"7,667.10"
05/03/2026,ACH DEBIT AUTOFIN LOAN PMT,310.00,,"7,357.10"
05/03/2026,DEBIT CARD PURCHASE CHIPOTLE 2231,9.24,,"7,347.86"
06/03/2026,VENMO PAYMENT 5207358,86.08,,"7,261.78"
08/03/2026,VENMO PAYMENT 6331362,29.44,,"7,232.34"
10/03/2026,ATM WITHDRAWAL 1123 MAIN ST,60.00,,"7,172.34"
12/03/2026,DEBIT CARD PURCHASE SAFEWAY #1234,28.91,,"7,143.43"
13/03/2026,DEBIT CARD PURCHASE CHIPOTLE 2231,33.07,,"7,110.36"
15/03/2026,ACH DEBIT VERIZON WIRELESS PAYMENTS,48.40,,"7,061.96"
15/03/2026,DEBIT CARD PURCHASE CVS/PHARMACY #0921,22.61,,"7,039.35"
16/03/2026,DEBIT CARD PURCHASE SAFEWAY #1234,46.03,,"6,993.32"
17/03/2026,DEBIT CARD PURCHASE CVS/PHARMACY #0921,17.95,,"6,975.37"
18/03/2026,DEBIT CARD PURCHASE CVS/PHARMACY #0921,15.75,,"6,959.62"
20/03/2026,DEBIT CARD PURCHASE CVS/PHARMACY #0921,23.17,,"6,936.45"
21/03/2026,DEBIT CARD PURCHASE SAFEWAY #1234,54.66,,"6,881.79"
23/03/2026,VENMO PAYMENT 7997124,22.28,,"6,859.51"
24/03/2026,VENMO PAYMENT 7215689,80.91,,"6,778.60"
25/03/2026,VENMO PAYMENT 4950783,15.68,,"6,762.92"
26/03/2026,ATM WITHDRAWAL 1123 MAIN ST,40.00,,"6,722.92"
27/03/2026,DEBIT CARD PURCHASE SAFEWAY #1234,46.51,,"6,676.41"
28/03/2026,ATM WITHDRAWAL 1123 MAIN ST,20.00,,"6,656.41"
28/03/2026,ONLINE PMT REWARDS CARD AUTOPAY,"1,600.63",,"5,055.78"
29/03/2026,DEBIT CARD PURCHASE CVS/PHARMACY #0921,42.79,,"5,012.99"
31/03/2026,ATM WITHDRAWAL 1123 MAIN ST,40.00,,"4,972.99"
31/03/2026,PAYROLL ACME DESIGN CO PPD ID:99812,,"4,850.00","9,822.99"
01/04/2026,ACH DEBIT GREENVIEW PROPERTY MGMT 00231,"1,400.00",,"8,422.99"
01/04/2026,DEBIT CARD PURCHASE CVS/PHARMACY #0921,35.88,,"8,387.11"
02/04/2026,TRANSFER TO SAV XX4521,300.00,,"8,087.11"
02/04/2026,VENMO PAYMENT 4415419,89.80,,"7,997.31"
03/04/2026,ATM WITHDRAWAL 1123 MAIN ST,100.00,,"7,897.31"
05/04/2026,ACH DEBIT AUTOFIN LOAN PMT,310.00,,"7,587.31"
06/04/2026,DEBIT CARD PURCHASE SAFEWAY #1234,51.87,,"7,535.44"
07/04/2026,DEBIT CARD PURCHASE CHIPOTLE 2231,24.60,,"7,510.84"
08/04/2026,VENMO PAYMENT 4017760,82.41,,"7,428.43"
09/04/2026,DEBIT CARD PURCHASE CHIPOTLE 2231,15.39,,"7,413.04"
12/04/2026,DEBIT CARD PURCHASE SAFEWAY #1234,29.41,,"7,383.63"
13/04/2026,VENMO PAYMENT 9834462,14.73,,"7,368.90"
14/04/2026,DEBIT CARD PURCHASE CHIPOTLE 2231,26.11,,"7,342.79"
15/04/2026,ACH DEBIT VERIZON WIRELESS PAYMENTS,50.33,,"7,292.46"
15/04/2026,DEBIT CARD PURCHASE CHIPOTLE 2231,14.72,,"7,277.74"
17/04/2026,ATM WITHDRAWAL 1123 MAIN ST,20.00,,"7,257.74"
18/04/2026,ATM WITHDRAWAL 1123 MAIN ST,100.00,,"7,157.74"
19/04/2026,VENMO PAYMENT 4471607,71.03,,"7,086.71"
20/04/2026,CITY WATER UTIL #4471,118.18,,"6,968.53"
21/04/2026,DEBIT CARD PURCHASE CVS/PHARMACY #0921,44.68,,"6,923.85"
22/04/2026,VENMO PAYMENT 2121738,76.22,,"6,847.63"
23/04/2026,DEBIT CARD PURCHASE CVS/PHARMACY #0921,49.83,,"6,797.80"
24/04/2026,DEBIT CARD PURCHASE CVS/PHARMACY #0921,12.10,,"6,785.70"
26/04/2026,DEBIT CARD PURCHASE CVS/PHARMACY #0921,54.19,,"6,731.51"
27/04/2026,DEBIT CARD PURCHASE CVS/PHARMACY #0921,47.63,,"6,683.88"
28/04/2026,ONLINE PMT REWARDS CARD AUTOPAY,"2,464.28",,"4,219.60"
29/04/2026,ATM WITHDRAWAL 1123 MAIN ST,60.00,,"4,159.60"
30/04/2026,DEBIT CARD PURCHASE CVS/PHARMACY #0921,49.40,,"4,110.20"
30/04/2026,PAYROLL ACME DESIGN CO PPD ID:99812,,"4,850.00","8,960.20"
01/05/2026,ACH DEBIT GREENVIEW PROPERTY MGMT 00231,"1,400.00",,"7,560.20"
01/05/2026,DEBIT CARD PURCHASE CVS/PHARMACY #0921,41.15,,"7,519.05"
02/05/2026,TRANSFER TO SAV XX4521,300.00,,"7,219.05"
02/05/2026,DEBIT CARD PURCHASE CVS/PHARMACY #0921,10.06,,"7,208.99"
03/05/2026,DEBIT CARD PURCHASE SAFEWAY #1234,58.37,,"7,150.62"
04/05/2026,VENMO PAYMENT 2190092,25.40,,"7,125.22"
05/05/2026,ACH DEBIT AUTOFIN LOAN PMT,310.00,,"6,815.22"
05/05/2026,DEBIT CARD PURCHASE CVS/PHARMACY #0921,51.17,,"6,764.05"
06/05/2026,ATM WITHDRAWAL 1123 MAIN ST,60.00,,"6,704.05"
07/05/2026,DEBIT CARD PURCHASE CVS/PHARMACY #0921,26.46,,"6,677.59"
08/05/2026,DEBIT CARD PURCHASE CVS/PHARMACY #0921,29.72,,"6,647.87"
09/05/2026,DEBIT CARD PURCHASE CVS/PHARMACY #0921,59.01,,"6,588.86"
10/05/2026,DEBIT CARD PURCHASE CHIPOTLE 2231,10.17,,"6,578.69"
11/05/2026,DEBIT CARD PURCHASE CVS/PHARMACY #0921,25.21,,"6,553.48"
12/05/2026,VENMO PAYMENT 7553789,39.09,,"6,514.39"
13/05/2026,DEBIT CARD PURCHASE CHIPOTLE 2231,12.60,,"6,501.79"
15/05/2026,ACH DEBIT VERIZON WIRELESS PAYMENTS,45.67,,"6,456.12"
15/05/2026,DEBIT CARD PURCHASE CVS/PHARMACY #0921,31.35,,"6,424.77"
17/05/2026,VENMO PAYMENT 0727944,49.72,,"6,375.05"
18/05/2026,DEBIT CARD PURCHASE CVS/PHARMACY #0921,13.88,,"6,361.17"
20/05/2026,DEBIT CARD PURCHASE CHIPOTLE 2231,20.37,,"6,340.80"
21/05/2026,VENMO PAYMENT 6392822,81.47,,"6,259.33"
24/05/2026,DEBIT CARD PURCHASE CVS/PHARMACY #0921,9.06,,"6,250.27"
25/05/2026,DEBIT CARD PURCHASE CVS/PHARMACY #0921,47.37,,"6,202.90"
26/05/2026,DEBIT CARD PURCHASE SAFEWAY #1234,15.92,,"6,186.98"
27/05/2026,DEBIT CARD PURCHASE CVS/PHARMACY #0921,41.82,,"6,145.16"
28/05/2026,ATM WITHDRAWAL 1123 MAIN ST,40.00,,"6,105.16"
28/05/2026,ONLINE PMT REWARDS CARD AUTOPAY,"1,680.89",,"4,424.27"
29/05/2026,VENMO PAYMENT 6053365,26.25,,"4,398.02"
29/05/2026,PAYROLL ACME DESIGN CO PPD ID:99812,,"4,850.00","9,248.02"
30/05/2026,DEBIT CARD PURCHASE CVS/PHARMACY #0921,41.44,,"9,206.58"
31/05/2026,DEBIT CARD PURCHASE SAFEWAY #1234,20.38,,"9,186.20"
01/06/2026,ACH DEBIT GREENVIEW PROPERTY MGMT 00231,"1,400.00",,"7,786.20"
01/06/2026,VENMO PAYMENT 8387150,24.68,,"7,761.52"
02/06/2026,TRANSFER TO SAV XX4521,300.00,,"7,461.52"
02/06/2026,VENMO PAYMENT 8512290,84.55,,"7,376.97"
03/06/2026,DEBIT CARD PURCHASE CVS/PHARMACY #0921,26.65,,"7,350.32"
04/06/2026,VENMO PAYMENT 6766465,24.68,,"7,325.64"
05/06/2026,ACH DEBIT AUTOFIN LOAN PMT,310.00,,"7,015.64"
05/06/2026,DEBIT CARD PURCHASE CVS/PHARMACY #0921,53.27,,"6,962.37"
06/06/2026,ATM WITHDRAWAL 1123 MAIN ST,40.00,,"6,922.37"
07/06/2026,DEBIT CARD PURCHASE CVS/PHARMACY #0921,50.06,,"6,872.31"
08/06/2026,ATM WITHDRAWAL 1123 MAIN ST,20.00,,"6,852.31"
09/06/2026,VENMO PAYMENT 8957797,66.82,,"6,785.49"
10/06/2026,DEBIT CARD PURCHASE CHIPOTLE 2231,10.18,,"6,775.31"
11/06/2026,DEBIT CARD PURCHASE CVS/PHARMACY #0921,50.49,,"6,724.82"
12/06/2026,VENMO PAYMENT 9509912,17.54,,"6,707.28"
13/06/2026,VENMO PAYMENT 7625365,83.77,,"6,623.51"
14/06/2026,ATM WITHDRAWAL 1123 MAIN ST,20.00,,"6,603.51"
15/06/2026,ACH DEBIT VERIZON WIRELESS PAYMENTS,46.63,,"6,556.88"
15/06/2026,DEBIT CARD PURCHASE CVS/PHARMACY #0921,20.52,,"6,536.36"
16/06/2026,DEBIT CARD PURCHASE CVS/PHARMACY #0921,8.50,,"6,527.86"
17/06/2026,ATM WITHDRAWAL 1123 MAIN ST,60.00,,"6,467.86"
18/06/2026,DEBIT CARD PURCHASE CVS/PHARMACY #0921,42.33,,"6,425.53"
19/06/2026,ATM WITHDRAWAL 1123 MAIN ST,100.00,,"6,325.53"
20/06/2026,DEBIT CARD PURCHASE CVS/PHARMACY #0921,23.70,,"6,301.83"
21/06/2026,ATM WITHDRAWAL 1123 MAIN ST,20.00,,"6,281.83"
22/06/2026,VENMO PAYMENT 1436632,68.70,,"6,213.13"
23/06/2026,VENMO PAYMENT 5098495,11.01,,"6,202.12"
25/06/2026,DEBIT CARD PURCHASE SAFEWAY #1234,65.24,,"6,136.88"
26/06/2026,ATM WITHDRAWAL 1123 MAIN ST,60.00,,"6,076.88"
27/06/2026,VENMO PAYMENT 8618390,32.01,,"6,044.87"
28/06/2026,DEBIT CARD PURCHASE CHIPOTLE 2231,21.56,,"6,023.31"
28/06/2026,ONLINE PMT REWARDS CARD AUTOPAY,"2,378.65",,"3,644.66"
29/06/2026,DEBIT CARD PURCHASE CVS/PHARMACY #0921,40.04,,"3,604.62"
30/06/2026,ATM WITHDRAWAL 1123 MAIN ST,20.00,,"3,584.62"
30/06/2026,PAYROLL ACME DESIGN CO PPD ID:99812,,"4,850.00","8,434.62"
01/07/2026,ACH DEBIT GREENVIEW PROPERTY MGMT 00231,"1,400.00",,"7,034.62"
01/07/2026,DEBIT CARD PURCHASE CVS/PHARMACY #0921,42.34,,"6,992.28"
02/07/2026,TRANSFER TO SAV XX4521,300.00,,"6,692.28"
02/07/2026,DEBIT CARD PURCHASE CVS/PHARMACY #0921,44.39,,"6,647.89"
03/07/2026,DEBIT CARD PURCHASE CVS/PHARMACY #0921,17.72,,"6,630.17"
04/07/2026,VENMO PAYMENT 0562486,46.39,,"6,583.78"
05/07/2026,ACH DEBIT AUTOFIN LOAN PMT,310.00,,"6,273.78"
05/07/2026,DEBIT CARD PURCHASE SAFEWAY #1234,51.00,,"6,222.78"
07/07/2026,VENMO PAYMENT 2613486,66.16,,"6,156.62"
08/07/2026,DEBIT CARD PURCHASE CVS/PHARMACY #0921,10.68,,"6,145.94"
09/07/2026,ATM WITHDRAWAL 1123 MAIN ST,40.00,,"6,105.94"
10/07/2026,VENMO PAYMENT 5847736,19.60,,"6,086.34"
11/07/2026,DEBIT CARD PURCHASE SAFEWAY #1234,16.76,,"6,069.58"
13/07/2026,VENMO PAYMENT 6940995,78.45,,"5,991.13"
14/07/2026,DEBIT CARD PURCHASE SAFEWAY #1234,18.62,,"5,972.51"
15/07/2026,ACH DEBIT VERIZON WIRELESS PAYMENTS,45.27,,"5,927.24"
15/07/2026,ATM WITHDRAWAL 1123 MAIN ST,60.00,,"5,867.24"
18/07/2026,DEBIT CARD PURCHASE CVS/PHARMACY #0921,22.15,,"5,845.09"
19/07/2026,VENMO PAYMENT 6478392,63.79,,"5,781.30"
20/07/2026,CITY WATER UTIL #4471,118.06,,"5,663.24"
20/07/2026,VENMO PAYMENT 3518447,33.78,,"5,629.46"
22/07/2026,DEBIT CARD PURCHASE CVS/PHARMACY #0921,14.30,,"5,615.16"
23/07/2026,DEBIT CARD PURCHASE CVS/PHARMACY #0921,18.07,,"5,597.09"
24/07/2026,DEBIT CARD PURCHASE CVS/PHARMACY #0921,11.98,,"5,585.11"
25/07/2026,DEBIT CARD PURCHASE SAFEWAY #1234,35.90,,"5,549.21"
27/07/2026,DEBIT CARD PURCHASE SAFEWAY #1234,30.09,,"5,519.12"
28/07/2026,DEBIT CARD PURCHASE CVS/PHARMACY #0921,45.42,,"5,473.70"
28/07/2026,ONLINE PMT REWARDS CARD AUTOPAY,"2,225.26",,"3,248.44"
29/07/2026,VENMO PAYMENT 1093354,87.04,,"3,161.40"
30/07/2026,DEBIT CARD PURCHASE CVS/PHARMACY #0921,55.13,,"3,106.27"
31/07/2026,DEBIT CARD PURCHASE CHIPOTLE 2231,23.63,,"3,082.64"
31/07/2026,PAYROLL ACME DESIGN CO PPD ID:99812,,"4,850.00","7,932.64"
01/08/2026,ACH DEBIT GREENVIEW PROPERTY MGMT 00231,"1,400.00",,"6,532.64"
01/08/2026,DEBIT CARD PURCHASE CVS/PHARMACY #0921,13.70,,"6,518.94"
02/08/2026,TRANSFER TO SAV XX4521,300.00,,"6,218.94"
02/08/2026,VENMO PAYMENT 8366164,17.37,,"6,201.57"
03/08/2026,DEBIT CARD PURCHASE CVS/PHARMACY #0921,8.60,,"6,192.97"
04/08/2026,DEBIT CARD PURCHASE CVS/PHARMACY #0921,37.29,,"6,155.68"
05/08/2026,ACH DEBIT AUTOFIN LOAN PMT,310.00,,"5,845.68"
05/08/2026,DEBIT CARD PURCHASE SAFEWAY #1234,27.19,,"5,818.49"
06/08/2026,VENMO PAYMENT 3682736,46.26,,"5,772.23"
07/08/2026,VENMO PAYMENT 2962067,52.19,,"5,720.04"
08/08/2026,DEBIT CARD PURCHASE CHIPOTLE 2231,27.71,,"5,692.33"
09/08/2026,VENMO PAYMENT 0420325,43.35,,"5,648.98"
10/08/2026,DEBIT CARD PURCHASE CVS/PHARMACY #0921,30.66,,"5,618.32"
11/08/2026,DEBIT CARD PURCHASE CHIPOTLE 2231,28.44,,"5,589.88"
12/08/2026,DEBIT CARD PURCHASE CVS/PHARMACY #0921,30.35,,"5,559.53"
13/08/2026,VENMO PAYMENT 8830538,38.51,,"5,521.02"
14/08/2026,DEBIT CARD PURCHASE SAFEWAY #1234,60.65,,"5,460.37"
15/08/2026,ACH DEBIT VERIZON WIRELESS PAYMENTS,50.96,,"5,409.41"
15/08/2026,DEBIT CARD PURCHASE SAFEWAY #1234,47.36,,"5,362.05"
16/08/2026,VENMO PAYMENT 1389046,48.90,,"5,313.15"
17/08/2026,VENMO PAYMENT 5621625,55.98,,"5,257.17"
19/08/2026,DEBIT CARD PURCHASE CHIPOTLE 2231,23.81,,"5,233.36"
20/08/2026,DEBIT CARD PURCHASE CHIPOTLE 2231,17.78,,"5,215.58"
22/08/2026,ATM WITHDRAWAL 1123 MAIN ST,60.00,,"5,155.58"
23/08/2026,DEBIT CARD PURCHASE CVS/PHARMACY #0921,22.55,,"5,133.03"
24/08/2026,DEBIT CARD PURCHASE SAFEWAY #1234,29.84,,"5,103.19"
26/08/2026,VENMO PAYMENT 0005503,79.09,,"5,024.10"
27/08/2026,VENMO PAYMENT 1461321,66.77,,"4,957.33"
28/08/2026,DEBIT CARD PURCHASE CHIPOTLE 2231,18.32,,"4,939.01"
28/08/2026,ONLINE PMT REWARDS CARD AUTOPAY,"1,703.64",,"3,235.37"
29/08/2026,DEBIT CARD PURCHASE CHIPOTLE 2231,11.64,,"3,223.73"
30/08/2026,VENMO PAYMENT 3194223,23.52,,"3,200.21"
31/08/2026,DEBIT CARD PURCHASE CHIPOTLE 2231,32.79,,"3,167.42"
31/08/2026,PAYROLL ACME DESIGN CO PPD ID:99812,,"4,850.00","8,017.42"
01/09/2026,ACH DEBIT GREENVIEW PROPERTY MGMT 00231,"1,400.00",,"6,617.42"
01/09/2026,DEBIT CARD PURCHASE SAFEWAY #1234,41.50,,"6,575.92"
02/09/2026,TRANSFER TO SAV XX4521,300.00,,"6,275.92"
02/09/2026,ATM WITHDRAWAL 1123 MAIN ST,20.00,,"6,255.92"
03/09/2026,ATM WITHDRAWAL 1123 MAIN ST,20.00,,"6,235.92"
04/09/2026,DEBIT CARD PURCHASE SAFEWAY #1234,49.52,,"6,186.40"
05/09/2026,ACH DEBIT AUTOFIN LOAN PMT,310.00,,"5,876.40"
05/09/2026,DEBIT CARD PURCHASE CVS/PHARMACY #0921,47.03,,"5,829.37"
06/09/2026,DEBIT CARD PURCHASE CHIPOTLE 2231,12.51,,"5,816.86"
08/09/2026,DEBIT CARD PURCHASE CVS/PHARMACY #0921,56.94,,"5,759.92"
09/09/2026,VENMO PAYMENT 3003711,68.79,,"5,691.13"
10/09/2026,DEBIT CARD PURCHASE CHIPOTLE 2231,22.02,,"5,669.11"
11/09/2026,DEBIT CARD PURCHASE CVS/PHARMACY #0921,59.33,,"5,609.78"
12/09/2026,ATM WITHDRAWAL 1123 MAIN ST,100.00,,"5,509.78"
14/09/2026,DEBIT CARD PURCHASE CVS/PHARMACY #0921,18.20,,"5,491.58"
15/09/2026,ACH DEBIT VERIZON WIRELESS PAYMENTS,50.14,,"5,441.44"
15/09/2026,VENMO PAYMENT 1999754,60.69,,"5,380.75"
16/09/2026,ATM WITHDRAWAL 1123 MAIN ST,60.00,,"5,320.75"
17/09/2026,DEBIT CARD PURCHASE CVS/PHARMACY #0921,40.70,,"5,280.05"
18/09/2026,ATM WITHDRAWAL 1123 MAIN ST,100.00,,"5,180.05"
19/09/2026,DEBIT CARD PURCHASE SAFEWAY #1234,15.78,,"5,164.27"
20/09/2026,DEBIT CARD PURCHASE CVS/PHARMACY #0921,23.22,,"5,141.05"
21/09/2026,DEBIT CARD PURCHASE CVS/PHARMACY #0921,31.16,,"5,109.89"
22/09/2026,DEBIT CARD PURCHASE CVS/PHARMACY #0921,21.90,,"5,087.99"
23/09/2026,DEBIT CARD PURCHASE CVS/PHARMACY #0921,17.26,,"5,070.73"
24/09/2026,DEBIT CARD PURCHASE CVS/PHARMACY #0921,15.30,,"5,055.43"
