Date,Description,Debit,Credit,Balance
11/08/2026,DEBIT CARD PURCHASE CHIPOTLE 2231,711.00,,"139,747.00"
12/08/2026,DEBIT CARD PURCHASE CVS/PHARMACY #0921,758.75,,"138,988.25"
13/08/2026,VENMO PAYMENT 8830538,962.75,,"138,025.50"
14/08/2026,DEBIT CARD PURCHASE SAFEWAY #1234,"1,516.25",,"136,509.25"
15/08/2026,ACH DEBIT VERIZON WIRELESS PAYMENTS,"1,274.00",,"135,235.25"
15/08/2026,DEBIT CARD PURCHASE SAFEWAY #1234,"1,184.00",,"134,051.25"
16/08/2026,VENMO PAYMENT 1389046,"1,222.50",,"132,828.75"
17/08/2026,VENMO PAYMENT 5621625,"1,399.50",,"131,429.25"
19/08/2026,DEBIT CARD PURCHASE CHIPOTLE 2231,595.25,,"130,834.00"
20/08/2026,DEBIT CARD PURCHASE CHIPOTLE 2231,444.50,,"130,389.50"
22/08/2026,ATM WITHDRAWAL 1123 MAIN ST,"1,500.00",,"128,889.50"
23/08/2026,DEBIT CARD PURCHASE CVS/PHARMACY #0921,563.75,,"128,325.75"
24/08/2026,DEBIT CARD PURCHASE SAFEWAY #1234,746.00,,"127,579.75"
26/08/2026,VENMO PAYMENT 0005503,"1,977.25",,"125,602.50"
27/08/2026,VENMO PAYMENT 1461321,"1,669.25",,"123,933.25"
28/08/2026,DEBIT CARD PURCHASE CHIPOTLE 2231,458.00,,"123,475.25"
28/08/2026,ONLINE PMT REWARDS CARD AUTOPAY,"42,591.00",,"80,884.25"
29/08/2026,DEBIT CARD PURCHASE CHIPOTLE 2231,291.00,,"80,593.25"
30/08/2026,VENMO PAYMENT 3194223,588.00,,"80,005.25"
31/08/2026,DEBIT CARD PURCHASE CHIPOTLE 2231,819.75,,"79,185.50"
31/08/2026,PAYROLL ACME DESIGN CO PPD ID:99812,,"121,250.00","200,435.50"
01/09/2026,ACH DEBIT GREENVIEW PROPERTY MGMT 00231,"35,000.00",,"165,435.50"
01/09/2026,DEBIT CARD PURCHASE SAFEWAY #1234,"1,037.50",,"164,398.00"
02/09/2026,TRANSFER TO SAV XX4521,"7,500.00",,"156,898.00"
02/09/2026,ATM WITHDRAWAL 1123 MAIN ST,500.00,,"156,398.00"
03/09/2026,ATM WITHDRAWAL 1123 MAIN ST,500.00,,"155,898.00"
04/09/2026,DEBIT CARD PURCHASE SAFEWAY #1234,"1,238.00",,"154,660.00"
05/09/2026,ACH DEBIT AUTOFIN LOAN PMT,"7,750.00",,"146,910.00"
05/09/2026,DEBIT CARD PURCHASE CVS/PHARMACY #0921,"1,175.75",,"145,734.25"
06/09/2026,DEBIT CARD PURCHASE CHIPOTLE 2231,312.75,,"145,421.50"
08/09/2026,DEBIT CARD PURCHASE CVS/PHARMACY #0921,"1,423.50",,"143,998.00"
09/09/2026,VENMO PAYMENT 3003711,"1,719.75",,"142,278.25"
10/09/2026,DEBIT CARD PURCHASE CHIPOTLE 2231,550.50,,"141,727.75"
11/09/2026,DEBIT CARD PURCHASE CVS/PHARMACY #0921,"1,483.25",,"140,244.50"
12/09/2026,ATM WITHDRAWAL 1123 MAIN ST,"2,500.00",,"137,744.50"
14/09/2026,DEBIT CARD PURCHASE CVS/PHARMACY #0921,455.00,,"137,289.50"
15/09/2026,ACH DEBIT VERIZON WIRELESS PAYMENTS,"1,253.50",,"136,036.00"
15/09/2026,VENMO PAYMENT 1999754,"1,517.25",,"134,518.75"
16/09/2026,ATM WITHDRAWAL 1123 MAIN ST,"1,500.00",,"133,018.75"
17/09/2026,DEBIT CARD PURCHASE CVS/PHARMACY #0921,"1,017.50",,"132,001.25"
18/09/2026,ATM WITHDRAWAL 1123 MAIN ST,"2,500.00",,"129,501.25"
19/09/2026,DEBIT CARD PURCHASE SAFEWAY #1234,394.50,,"129,106.75"
20/09/2026,DEBIT CARD PURCHASE CVS/PHARMACY #0921,580.50,,"128,526.25"
21/09/2026,DEBIT CARD PURCHASE CVS/PHARMACY #0921,779.00,,"127,747.25"
22/09/2026,DEBIT CARD PURCHASE CVS/PHARMACY #0921,547.50,,"127,199.75"
23/09/2026,DEBIT CARD PURCHASE CVS/PHARMACY #0921,431.50,,"126,768.25"
24/09/2026,DEBIT CARD PURCHASE CVS/PHARMACY #0921,382.50,,"126,385.75"
