Transaction Date,Details,Amount
2025-09-02,TRANSFER FROM CHK XX1187,300.00
2025-09-30,INTEREST PAYMENT,4.32
2025-10-02,TRANSFER FROM CHK XX1187,300.00
2025-10-31,INTEREST PAYMENT,4.07
2025-11-02,TRANSFER FROM CHK XX1187,300.00
2025-11-30,INTEREST PAYMENT,4.75
2025-12-02,TRANSFER FROM CHK XX1187,300.00
2025-12-31,INTEREST PAYMENT,4.69
2026-01-02,TRANSFER FROM CHK XX1187,300.00
2026-01-31,INTEREST PAYMENT,4.65
2026-02-02,TRANSFER FROM CHK XX1187,300.00
2026-02-28,INTEREST PAYMENT,4.77
2026-03-02,TRANSFER FROM CHK XX1187,300.00
2026-03-31,INTEREST PAYMENT,3.78
2026-04-02,TRANSFER FROM CHK XX1187,300.00
2026-04-30,INTEREST PAYMENT,3.04
2026-05-02,TRANSFER FROM CHK XX1187,300.00
2026-05-31,INTEREST PAYMENT,3.42
2026-06-02,TRANSFER FROM CHK XX1187,300.00
2026-06-30,INTEREST PAYMENT,3.13
2026-07-02,TRANSFER FROM CHK XX1187,300.00
2026-07-31,INTEREST PAYMENT,4.89
2026-08-02,TRANSFER FROM CHK XX1187,300.00
2026-08-31,INTEREST PAYMENT,3.86
2026-09-02,TRANSFER FROM CHK XX1187,300.00
