Posted Date,Merchant,Amount,Type
09/01/2025,CITYGYM MEMBERSHIP,300.00,DR
09/01/2025,TST* BLUE BOTTLE,135.00,DR
09/02/2025,TRADER JOE'S #552,2445.00,DR
09/02/2025,UBER *TRIP,758.00,DR
09/02/2025,DOORDASH*THAI,452.25,DR
09/03/2025,SPOTIFY USA 877-778-1161,274.75,DR
09/03/2025,DOORDASH*THAI,1070.75,DR
09/04/2025,UBER *TRIP,1074.25,DR
09/04/2025,CHEESECAKE FACTORY #0112,775.75,DR
09/05/2025,TST* BLUE BOTTLE,189.75,DR
09/05/2025,WHOLEFDS MKT 10233,1211.75,DR
09/05/2025,SHELL OIL 5741,1869.00,DR
09/06/2025,TST* BLUE BOTTLE,136.75,DR
09/07/2025,WHOLEFDS MKT 10233,2187.00,DR
09/08/2025,CITYGYM MEMBERSHIP,300.00,DR
09/08/2025,UBER *TRIP,1002.25,DR
09/08/2025,SHELL OIL 5741,1514.00,DR
09/09/2025,UBER *TRIP,267.75,DR
09/10/2025,UBER *TRIP,378.75,DR
09/12/2025,NETFLIX.COM*0524 LOS GATOS CA,387.25,DR
09/14/2025,TRADER JOE'S #552,1192.50,DR
09/15/2025,CITYGYM MEMBERSHIP,300.00,DR
09/15/2025,TRADER JOE'S #552,912.50,DR
09/15/2025,UBER *TRIP,808.00,DR
09/16/2025,SQ *BLUE BOTTLE COFFEE,149.00,DR
09/17/2025,SQ *BLUE BOTTLE COFFEE,138.00,DR
09/17/2025,WHOLEFDS MKT 10233,1376.25,DR
09/18/2025,Amazon Prime*C5QTD,374.75,DR
09/18/2025,SQ *BLUE BOTTLE COFFEE,131.50,DR
09/18/2025,DOORDASH*PIZZA,1312.75,DR
09/19/2025,AMZN Mktp US*DCJYY,1924.50,DR
09/19/2025,SQ *BLUE BOTTLE COFFEE,190.50,DR
09/20/2025,HULU 877-8244858 CA,199.75,DR
09/21/2025,TST* BLUE BOTTLE,163.50,DR
09/21/2025,DOORDASH*THAI,1576.75,DR
09/22/2025,CITYGYM MEMBERSHIP,300.00,DR
09/22/2025,CHEESECAKE FACTORY #0112,1022.25,DR
09/23/2025,UBER *TRIP,254.50,DR
09/24/2025,TST* BLUE BOTTLE,132.25,DR
09/25/2025,TRADER JOE'S #552,937.25,DR
09/26/2025,TST* BLUE BOTTLE,148.00,DR
09/27/2025,SQ *BLUE BOTTLE COFFEE,167.00,DR
09/28/2025,SQ *BLUE BOTTLE COFFEE,171.25,DR
09/28/2025,PAYMENT - THANK YOU,15696.25,CR
09/29/2025,CITYGYM MEMBERSHIP,300.00,DR
09/29/2025,AMAZON.COM*XSYF9,975.25,DR
09/29/2025,TST* BLUE BOTTLE,175.50,DR
09/29/2025,TARGET T-8342,2138.00,DR
09/29/2025,CHEESECAKE FACTORY #0112,1832.00,DR
09/30/2025,TST* BLUE BOTTLE,157.75,DR
09/30/2025,CHEESECAKE FACTORY #0112,1901.00,DR
10/01/2025,CHEESECAKE FACTORY #0112,1672.00,DR
10/02/2025,TST* BLUE BOTTLE,161.50,DR
10/02/2025,SHELL OIL 5741,1752.00,DR
10/02/2025,TARGET T-5465,2482.75,DR
10/03/2025,SPOTIFY USA 877-778-1161,274.75,DR
10/03/2025,DOORDASH*THAI,1616.25,DR
10/03/2025,SHELL OIL 5741,1175.25,DR
10/04/2025,AMAZON.COM*9P21A,2006.75,DR
10/04/2025,TST* BLUE BOTTLE,186.75,DR
10/05/2025,TST* BLUE BOTTLE,178.25,DR
10/06/2025,CITYGYM MEMBERSHIP,300.00,DR
10/07/2025,SQ *BLUE BOTTLE COFFEE,155.75,DR
10/07/2025,WHOLEFDS MKT 10233,2063.75,DR
10/07/2025,UBER *TRIP,590.25,DR
10/10/2025,TST* BLUE BOTTLE,154.50,DR
10/10/2025,DOORDASH*THAI,1603.25,DR
10/10/2025,CHEESECAKE FACTORY #0112,1809.25,DR
10/11/2025,TST* BLUE BOTTLE,137.75,DR
10/12/2025,NETFLIX.COM*4158 LOS GATOS CA,387.25,DR
10/12/2025,TST* BLUE BOTTLE,161.00,DR
10/13/2025,CITYGYM MEMBERSHIP,300.00,DR
10/13/2025,SQ *BLUE BOTTLE COFFEE,170.25,DR
10/13/2025,WHOLEFDS MKT 10233,1278.50,DR
10/15/2025,AMZN Mktp US*UTW9T,2094.25,DR
10/15/2025,TST* BLUE BOTTLE,156.75,DR
10/17/2025,SQ *BLUE BOTTLE COFFEE,140.50,DR
10/18/2025,Amazon Prime*8B1VC,374.75,DR
10/18/2025,WHOLEFDS MKT 10233,1286.75,DR
10/18/2025,TARGET T-3034,1801.75,DR
10/18/2025,CHEESECAKE FACTORY #0112,2313.75,DR
10/20/2025,HULU 877-8244858 CA,199.75,DR
10/20/2025,CITYGYM MEMBERSHIP,300.00,DR
10/20/2025,DOORDASH*THAI,1567.50,DR
10/20/2025,CHEESECAKE FACTORY #0112,1781.75,DR
10/21/2025,SQ *BLUE BOTTLE COFFEE,115.25,DR
10/21/2025,UBER *TRIP,1058.50,DR
10/22/2025,CHEESECAKE FACTORY #0112,2275.50,DR
10/23/2025,SQ *BLUE BOTTLE COFFEE,146.00,DR
10/23/2025,SHELL OIL 5741,1356.00,DR
10/24/2025,TST* BLUE BOTTLE,124.50,DR
10/25/2025,AMAZON.COM*M0N8C,1744.50,DR
10/25/2025,SQ *BLUE BOTTLE COFFEE,134.50,DR
10/25/2025,SHELL OIL 5741,1475.25,DR
10/27/2025,CITYGYM MEMBERSHIP,300.00,DR
10/28/2025,TRADER JOE'S #552,1198.75,DR
10/28/2025,PAYMENT - THANK YOU,37012.00,CR
10/29/2025,SQ *BLUE BOTTLE COFFEE,172.25,DR
10/30/2025,CHEESECAKE FACTORY #0112,2173.25,DR
10/31/2025,AMAZON.COM*GC5KK,1589.75,DR
10/31/2025,SQ *BLUE BOTTLE COFFEE,129.50,DR
10/31/2025,WHOLEFDS MKT 10233,2728.00,DR
11/01/2025,SQ *BLUE BOTTLE COFFEE,167.00,DR
11/01/2025,WHOLEFDS MKT 10233,2394.50,DR
11/01/2025,DOORDASH*THAI,592.75,DR
11/01/2025,TARGET T-5720,2121.50,DR
11/01/2025,CHEESECAKE FACTORY #0112,2037.00,DR
11/02/2025,TST* BLUE BOTTLE,193.25,DR
11/02/2025,TRADER JOE'S #552,2423.50,DR
11/02/2025,SHELL OIL 5741,874.25,DR
11/03/2025,SPOTIFY USA 877-778-1161,274.75,DR
11/03/2025,CITYGYM MEMBERSHIP,300.00,DR
11/04/2025,SQ *BLUE BOTTLE COFFEE,154.25,DR
11/05/2025,CHEESECAKE FACTORY #0112,1348.50,DR
11/09/2025,SQ *BLUE BOTTLE COFFEE,163.25,DR
11/09/2025,UBER *TRIP,791.75,DR
11/09/2025,TARGET T-0129,3423.50,DR
11/10/2025,CITYGYM MEMBERSHIP,300.00,DR
11/10/2025,AMZN Mktp US*6TYDE,1086.75,DR
11/10/2025,TST* BLUE BOTTLE,149.50,DR
11/10/2025,TRADER JOE'S #552,2268.00,DR
11/10/2025,UBER *TRIP,246.50,DR
11/11/2025,TST* BLUE BOTTLE,130.50,DR
11/11/2025,UBER *TRIP,852.25,DR
11/12/2025,NETFLIX.COM*4234 LOS GATOS CA,387.25,DR
11/12/2025,SQ *BLUE BOTTLE COFFEE,132.25,DR
11/12/2025,TARGET T-4864,786.75,DR
11/13/2025,SQ *BLUE BOTTLE COFFEE,176.00,DR
11/14/2025,UBER *TRIP,390.75,DR
11/14/2025,DOORDASH*PIZZA,1267.75,DR
11/15/2025,TST* BLUE BOTTLE,184.75,DR
11/15/2025,UBER *TRIP,699.75,DR
11/15/2025,CHEESECAKE FACTORY #0112,1442.50,DR
11/16/2025,DOORDASH*THAI,991.25,DR
11/17/2025,CITYGYM MEMBERSHIP,300.00,DR
11/17/2025,SQ *BLUE BOTTLE COFFEE,117.00,DR
11/17/2025,WHOLEFDS MKT 10233,993.50,DR
11/17/2025,UBER *TRIP,294.50,DR
11/17/2025,CHEESECAKE FACTORY #0112,1951.25,DR
11/18/2025,Amazon Prime*SSNC9,374.75,DR
11/18/2025,SQ *BLUE BOTTLE COFFEE,119.00,DR
11/18/2025,TRADER JOE'S #552,2240.75,DR
11/19/2025,SQ *BLUE BOTTLE COFFEE,121.00,DR
11/20/2025,HULU 877-8244858 CA,199.75,DR
11/20/2025,TST* BLUE BOTTLE,189.00,DR
11/20/2025,DOORDASH*PIZZA,826.50,DR
11/21/2025,SQ *BLUE BOTTLE COFFEE,120.25,DR
11/21/2025,DOORDASH*PIZZA,1308.50,DR
11/22/2025,TST* BLUE BOTTLE,192.50,DR
11/22/2025,DOORDASH*SUSHI,572.00,DR
11/23/2025,TST* BLUE BOTTLE,158.75,DR
11/23/2025,TRADER JOE'S #552,1884.00,DR
11/23/2025,UBER *TRIP,1120.75,DR
11/24/2025,CITYGYM MEMBERSHIP,300.00,DR
11/24/2025,TST* BLUE BOTTLE,123.75,DR
11/24/2025,UBER *TRIP,376.00,DR
11/25/2025,DOORDASH*THAI,522.25,DR
11/26/2025,WHOLEFDS MKT 10233,2626.25,DR
11/26/2025,UBER *TRIP,534.25,DR
11/26/2025,CHEESECAKE FACTORY #0112,2067.50,DR
11/27/2025,SQ *BLUE BOTTLE COFFEE,139.00,DR
11/27/2025,TRADER JOE'S #552,2738.50,DR
11/27/2025,UBER *TRIP,555.00,DR
11/27/2025,DOORDASH*THAI,621.75,DR
11/28/2025,TRADER JOE'S #552,1040.75,DR
11/28/2025,PAYMENT - THANK YOU,47622.00,CR
11/29/2025,TST* BLUE BOTTLE,150.25,DR
11/29/2025,UBER *TRIP,785.00,DR
11/29/2025,CHEESECAKE FACTORY #0112,1271.25,DR
11/30/2025,TARGET T-7198,2171.75,DR
11/30/2025,CHEESECAKE FACTORY #0112,2207.00,DR
12/01/2025,CITYGYM MEMBERSHIP,300.00,DR
12/01/2025,TST* BLUE BOTTLE,146.75,DR
12/01/2025,WHOLEFDS MKT 10233,1608.00,DR
12/01/2025,DOORDASH*PIZZA,1496.25,DR
12/01/2025,SHELL OIL 5741,1711.25,DR
12/02/2025,TST* BLUE BOTTLE,193.00,DR
12/03/2025,SPOTIFY USA 877-778-1161,274.75,DR
12/03/2025,TST* BLUE BOTTLE,163.25,DR
12/03/2025,DOORDASH*SUSHI,826.75,DR
12/03/2025,CHEESECAKE FACTORY #0112,888.25,DR
12/04/2025,TST* BLUE BOTTLE,114.75,DR
12/04/2025,WHOLEFDS MKT 10233,957.25,DR
12/05/2025,TST* BLUE BOTTLE,151.25,DR
12/05/2025,WHOLEFDS MKT 10233,2654.00,DR
12/05/2025,UBER *TRIP,269.00,DR
12/05/2025,CHEESECAKE FACTORY #0112,1646.50,DR
12/06/2025,AMZN Mktp US*4QE89,1882.50,DR
12/06/2025,TST* BLUE BOTTLE,172.50,DR
12/06/2025,UBER *TRIP,1029.00,DR
12/07/2025,SQ *BLUE BOTTLE COFFEE,165.00,DR
12/07/2025,CHEESECAKE FACTORY #0112,1201.75,DR
12/08/2025,CITYGYM MEMBERSHIP,300.00,DR
12/08/2025,TRADER JOE'S #552,2276.50,DR
12/08/2025,SHELL OIL 5741,1328.00,DR
12/09/2025,TRADER JOE'S #552,1560.00,DR
12/09/2025,SHELL OIL 5741,1165.00,DR
12/10/2025,TST* BLUE BOTTLE,164.25,DR
12/10/2025,WHOLEFDS MKT 10233,2569.25,DR
12/10/2025,UBER *TRIP,584.25,DR
12/11/2025,SQ *BLUE BOTTLE COFFEE,179.50,DR
12/11/2025,UBER *TRIP,867.75,DR
12/12/2025,NETFLIX.COM*3774 LOS GATOS CA,387.25,DR
12/12/2025,SQ *BLUE BOTTLE COFFEE,159.75,DR
12/13/2025,SQ *BLUE BOTTLE COFFEE,145.50,DR
12/13/2025,CHEESECAKE FACTORY #0112,2201.25,DR
12/14/2025,SQ *BLUE BOTTLE COFFEE,126.50,DR
12/14/2025,WHOLEFDS MKT 10233,2476.75,DR
12/14/2025,DOORDASH*THAI,1614.25,DR
12/15/2025,CITYGYM MEMBERSHIP,300.00,DR
12/15/2025,WHOLEFDS MKT 10233,1003.25,DR
12/16/2025,CHEESECAKE FACTORY #0112,1086.50,DR
12/17/2025,WHOLEFDS MKT 10233,2648.75,DR
12/17/2025,DOORDASH*SUSHI,791.00,DR
12/18/2025,Amazon Prime*REBGQ,374.75,DR
12/18/2025,SHELL OIL 5741,1417.50,DR
12/19/2025,SQ *BLUE BOTTLE COFFEE,136.75,DR
12/20/2025,HULU 877-8244858 CA,199.75,DR
12/20/2025,SQ *BLUE BOTTLE COFFEE,129.25,DR
12/21/2025,TST* BLUE BOTTLE,162.75,DR
12/22/2025,CITYGYM MEMBERSHIP,300.00,DR
12/22/2025,AMAZON.COM*G4WG4,1237.25,DR
12/22/2025,SQ *BLUE BOTTLE COFFEE,125.25,DR
12/22/2025,TRADER JOE'S #552,1035.00,DR
12/22/2025,SHELL OIL 5741,1439.00,DR
12/23/2025,SQ *BLUE BOTTLE COFFEE,134.50,DR
12/23/2025,UBER *TRIP,807.75,DR
12/24/2025,AMAZON.COM*XEDYD,310.75,DR
12/26/2025,AMZN Mktp US*DAE5T,867.50,DR
12/26/2025,UBER *TRIP,793.00,DR
12/27/2025,WHOLEFDS MKT 10233,998.00,DR
12/28/2025,PAYMENT - THANK YOU,68941.25,CR
12/29/2025,CITYGYM MEMBERSHIP,300.00,DR
12/29/2025,AMZN Mktp US*H2E74,946.75,DR
12/29/2025,TST* BLUE BOTTLE,115.75,DR
12/30/2025,DOORDASH*SUSHI,1269.00,DR
12/31/2025,AMAZON.COM*5RGQG,385.50,DR
01/01/2026,AMZN Mktp US*5WNSF,745.00,DR
01/01/2026,TST* BLUE BOTTLE,115.50,DR
01/01/2026,SHELL OIL 5741,533.75,DR
01/02/2026,DOORDASH*SUSHI,545.75,DR
01/02/2026,TARGET T-2558,3698.50,DR
01/03/2026,SPOTIFY USA 877-778-1161,274.75,DR
01/03/2026,AMZN Mktp US*Z2W8V,688.00,DR
01/03/2026,SQ *BLUE BOTTLE COFFEE,165.75,DR
01/03/2026,TRADER JOE'S #552,1153.00,DR
01/04/2026,WHOLEFDS MKT 10233,1284.00,DR
01/04/2026,UBER *TRIP,970.25,DR
01/05/2026,CITYGYM MEMBERSHIP,300.00,DR
01/05/2026,TST* BLUE BOTTLE,149.25,DR
01/05/2026,DOORDASH*PIZZA,867.00,DR
01/06/2026,AMAZON.COM*4LWN0,1970.50,DR
01/07/2026,SQ *BLUE BOTTLE COFFEE,170.00,DR
01/07/2026,TARGET T-6689,3415.75,DR
01/08/2026,TST* BLUE BOTTLE,142.75,DR
01/08/2026,SHELL OIL 5741,602.75,DR
01/10/2026,SQ *BLUE BOTTLE COFFEE,119.50,DR
01/10/2026,UBER *TRIP,281.50,DR
01/10/2026,TARGET T-9850,599.75,DR
01/11/2026,TARGET T-0690,2461.00,DR
01/12/2026,NETFLIX.COM*6426 LOS GATOS CA,387.25,DR
01/12/2026,CITYGYM MEMBERSHIP,300.00,DR
01/12/2026,TST* BLUE BOTTLE,122.50,DR
01/13/2026,TST* BLUE BOTTLE,157.75,DR
01/13/2026,DOORDASH*PIZZA,1048.50,DR
01/13/2026,TARGET T-0864,1887.00,DR
01/14/2026,SQ *BLUE BOTTLE COFFEE,132.00,DR
01/14/2026,UBER *TRIP,574.75,DR
01/15/2026,AMZN Mktp US*3GSJK,764.50,DR
01/16/2026,TST* BLUE BOTTLE,156.00,DR
01/16/2026,TRADER JOE'S #552,2491.50,DR
01/17/2026,UBER *TRIP,268.50,DR
01/18/2026,Amazon Prime*N0DPS,374.75,DR
01/18/2026,AMZN Mktp US*B0PYB,2079.50,DR
01/18/2026,SQ *BLUE BOTTLE COFFEE,173.75,DR
01/18/2026,SHELL OIL 5741,992.75,DR
01/18/2026,CHEESECAKE FACTORY #0112,2223.00,DR
01/19/2026,CITYGYM MEMBERSHIP,300.00,DR
01/19/2026,TST* BLUE BOTTLE,127.00,DR
01/20/2026,HULU 877-8244858 CA,199.75,DR
01/20/2026,AMZN Mktp US*R4V9E,1403.25,DR
01/20/2026,WHOLEFDS MKT 10233,1516.00,DR
01/20/2026,DOORDASH*PIZZA,1491.25,DR
01/21/2026,TST* BLUE BOTTLE,175.25,DR
01/22/2026,TST* BLUE BOTTLE,134.25,DR
01/22/2026,UBER *TRIP,579.50,DR
01/23/2026,WHOLEFDS MKT 10233,1831.25,DR
01/23/2026,CHEESECAKE FACTORY #0112,1147.50,DR
01/24/2026,TRADER JOE'S #552,1859.25,DR
01/24/2026,CHEESECAKE FACTORY #0112,1544.00,DR
01/25/2026,AMZN Mktp US*KGHZ6,695.50,DR
01/25/2026,UBER *TRIP,671.25,DR
01/26/2026,CITYGYM MEMBERSHIP,300.00,DR
01/26/2026,SQ *BLUE BOTTLE COFFEE,166.00,DR
01/26/2026,DOORDASH*THAI,1315.00,DR
01/26/2026,CHEESECAKE FACTORY #0112,1536.50,DR
01/27/2026,SQ *BLUE BOTTLE COFFEE,191.75,DR
01/27/2026,DOORDASH*PIZZA,1382.50,DR
01/28/2026,TRADER JOE'S #552,1242.00,DR
01/28/2026,UBER *TRIP,267.25,DR
01/28/2026,DOORDASH*PIZZA,526.25,DR
01/28/2026,PAYMENT - THANK YOU,51308.75,CR
01/29/2026,TST* BLUE BOTTLE,165.75,DR
01/29/2026,TARGET T-5137,1746.50,DR
01/30/2026,WHOLEFDS MKT 10233,1042.50,DR
01/30/2026,UBER *TRIP,272.00,DR
01/30/2026,TARGET T-9766,3033.00,DR
02/01/2026,DOORDASH*PIZZA,546.25,DR
02/01/2026,SHELL OIL 5741,786.75,DR
02/01/2026,TARGET T-6235,2834.25,DR
02/02/2026,CITYGYM MEMBERSHIP,300.00,DR
02/02/2026,TST* BLUE BOTTLE,158.00,DR
02/02/2026,SHELL OIL 5741,1705.00,DR
02/03/2026,SPOTIFY USA 877-778-1161,274.75,DR
02/03/2026,TST* BLUE BOTTLE,193.25,DR
02/04/2026,AMAZON.COM*156HJ,995.50,DR
02/04/2026,WHOLEFDS MKT 10233,2732.75,DR
02/05/2026,SQ *BLUE BOTTLE COFFEE,152.25,DR
02/05/2026,UBER *TRIP,897.25,DR
02/06/2026,TST* BLUE BOTTLE,164.50,DR
02/07/2026,SHELL OIL 5741,1336.50,DR
02/07/2026,TARGET T-3305,2148.50,DR
02/09/2026,CITYGYM MEMBERSHIP,300.00,DR
02/10/2026,SQ *BLUE BOTTLE COFFEE,191.25,DR
02/10/2026,SHELL OIL 5741,1561.50,DR
02/11/2026,WHOLEFDS MKT 10233,1471.00,DR
02/12/2026,NETFLIX.COM*9291 LOS GATOS CA,387.25,DR
02/12/2026,SQ *BLUE BOTTLE COFFEE,147.50,DR
02/13/2026,SQ *BLUE BOTTLE COFFEE,128.00,DR
02/13/2026,TRADER JOE'S #552,2257.25,DR
02/15/2026,AMZN Mktp US*KX74C,440.75,DR
02/15/2026,WHOLEFDS MKT 10233,2675.75,DR
02/15/2026,CHEESECAKE FACTORY #0112,1745.75,DR
02/16/2026,CITYGYM MEMBERSHIP,300.00,DR
02/16/2026,TST* BLUE BOTTLE,156.00,DR
02/17/2026,SQ *BLUE BOTTLE COFFEE,146.00,DR
02/18/2026,Amazon Prime*WFK4V,374.75,DR
02/19/2026,SQ *BLUE BOTTLE COFFEE,117.25,DR
02/20/2026,HULU 877-8244858 CA,199.75,DR
02/21/2026,AMZN Mktp US*75R8H,1577.50,DR
02/22/2026,SQ *BLUE BOTTLE COFFEE,156.50,DR
02/22/2026,TRADER JOE'S #552,1147.25,DR
02/22/2026,UBER *TRIP,339.25,DR
02/22/2026,DOORDASH*THAI,1287.75,DR
02/23/2026,CITYGYM MEMBERSHIP,300.00,DR
02/23/2026,AMZN Mktp US*WJB64,1113.50,DR
02/24/2026,SQ *BLUE BOTTLE COFFEE,171.75,DR
02/24/2026,UBER *TRIP,873.75,DR
02/24/2026,TARGET T-7009,3548.75,DR
02/25/2026,SQ *BLUE BOTTLE COFFEE,127.00,DR
02/25/2026,CHEESECAKE FACTORY #0112,2289.00,DR
02/26/2026,TST* BLUE BOTTLE,182.25,DR
02/27/2026,UBER *TRIP,1116.25,DR
02/28/2026,AMZN Mktp US*S3Y40,2200.00,DR
02/28/2026,TST* BLUE BOTTLE,188.50,DR
02/28/2026,TARGET T-3941,2046.00,DR
02/28/2026,PAYMENT - THANK YOU,59683.25,CR
03/01/2026,SQ *BLUE BOTTLE COFFEE,136.25,DR
03/01/2026,WHOLEFDS MKT 10233,1899.50,DR
03/02/2026,CITYGYM MEMBERSHIP,300.00,DR
03/03/2026,SPOTIFY USA 877-778-1161,274.75,DR
03/03/2026,AMAZON.COM*QBSZT,456.00,DR
03/03/2026,SQ *BLUE BOTTLE COFFEE,187.00,DR
03/04/2026,TST* BLUE BOTTLE,147.00,DR
03/04/2026,UBER *TRIP,528.00,DR
03/04/2026,SHELL OIL 5741,1051.00,DR
03/06/2026,TARGET T-6396,801.25,DR
03/07/2026,DOORDASH*PIZZA,1212.50,DR
03/07/2026,SHELL OIL 5741,779.00,DR
03/08/2026,DOORDASH*PIZZA,978.75,DR
03/09/2026,CITYGYM MEMBERSHIP,300.00,DR
03/09/2026,SHELL OIL 5741,1262.00,DR
03/10/2026,TST* BLUE BOTTLE,135.75,DR
03/10/2026,WHOLEFDS MKT 10233,2119.75,DR
03/10/2026,UBER *TRIP,1043.00,DR
03/10/2026,AMAZON.COM REFUND*RF12K,649.75,CR
03/11/2026,SQ *BLUE BOTTLE COFFEE,142.25,DR
03/11/2026,SHELL OIL 5741,1658.00,DR
03/11/2026,CHEESECAKE FACTORY #0112,941.75,DR
03/12/2026,NETFLIX.COM*9968 LOS GATOS CA,387.25,DR
03/12/2026,SQ *BLUE BOTTLE COFFEE,166.00,DR
03/12/2026,DOORDASH*PIZZA,1513.75,DR
03/12/2026,SHELL OIL 5741,921.00,DR
03/13/2026,TRADER JOE'S #552,1417.75,DR
03/13/2026,UBER *TRIP,306.00,DR
03/13/2026,SHELL OIL 5741,779.75,DR
03/15/2026,TST* BLUE BOTTLE,189.75,DR
03/15/2026,TRADER JOE'S #552,2544.25,DR
03/15/2026,CHEESECAKE FACTORY #0112,985.25,DR
03/16/2026,CITYGYM MEMBERSHIP,300.00,DR
03/16/2026,SQ *BLUE BOTTLE COFFEE,169.25,DR
03/16/2026,UBER *TRIP,711.25,DR
03/17/2026,SQ *BLUE BOTTLE COFFEE,157.75,DR
03/18/2026,Amazon Prime*RU70P,374.75,DR
03/18/2026,SQ *BLUE BOTTLE COFFEE,177.25,DR
03/18/2026,UBER *TRIP,410.75,DR
03/18/2026,TARGET T-4646,2799.50,DR
03/19/2026,TST* BLUE BOTTLE,191.50,DR
03/19/2026,TRADER JOE'S #552,1195.00,DR
03/20/2026,HULU 877-8244858 CA,199.75,DR
03/20/2026,TST* BLUE BOTTLE,176.25,DR
03/20/2026,TRADER JOE'S #552,966.25,DR
03/20/2026,UBER *TRIP,956.25,DR
03/20/2026,TARGET T-6433,3230.50,DR
03/21/2026,TRADER JOE'S #552,1054.25,DR
03/22/2026,TRADER JOE'S #552,1537.25,DR
03/22/2026,UBER *TRIP,746.50,DR
03/22/2026,TARGET T-1735,1516.25,DR
03/22/2026,CHEESECAKE FACTORY #0112,988.75,DR
03/23/2026,CITYGYM MEMBERSHIP,300.00,DR
03/23/2026,TST* BLUE BOTTLE,140.25,DR
03/24/2026,TST* BLUE BOTTLE,157.00,DR
03/24/2026,WHOLEFDS MKT 10233,983.00,DR
03/26/2026,TST* BLUE BOTTLE,144.50,DR
03/26/2026,TARGET T-3569,3446.00,DR
03/27/2026,TST* BLUE BOTTLE,119.75,DR
03/27/2026,UBER *TRIP,647.25,DR
03/28/2026,SQ *BLUE BOTTLE COFFEE,152.75,DR
03/28/2026,PAYMENT - THANK YOU,40015.75,CR
03/29/2026,TST* BLUE BOTTLE,194.00,DR
03/29/2026,SHELL OIL 5741,1244.25,DR
03/30/2026,CITYGYM MEMBERSHIP,300.00,DR
03/30/2026,SQ *BLUE BOTTLE COFFEE,191.25,DR
03/31/2026,WHOLEFDS MKT 10233,1306.75,DR
04/01/2026,SQ *BLUE BOTTLE COFFEE,160.50,DR
04/01/2026,UBER *TRIP,1023.75,DR
04/01/2026,TARGET T-8162,3701.25,DR
04/02/2026,TST* BLUE BOTTLE,193.25,DR
04/02/2026,WHOLEFDS MKT 10233,1730.00,DR
04/02/2026,CHEESECAKE FACTORY #0112,1324.50,DR
04/03/2026,SPOTIFY USA 877-778-1161,274.75,DR
04/03/2026,TST* BLUE BOTTLE,142.00,DR
04/03/2026,UBER *TRIP,660.00,DR
04/04/2026,TST* BLUE BOTTLE,175.00,DR
04/05/2026,UBER *TRIP,825.25,DR
04/05/2026,SHELL OIL 5741,1554.25,DR
04/06/2026,CITYGYM MEMBERSHIP,300.00,DR
04/06/2026,TST* BLUE BOTTLE,182.00,DR
04/06/2026,WHOLEFDS MKT 10233,1398.50,DR
04/06/2026,UBER *TRIP,372.75,DR
04/07/2026,SQ *BLUE BOTTLE COFFEE,137.50,DR
04/08/2026,WHOLEFDS MKT 10233,2597.75,DR
04/08/2026,TARGET T-1980,1504.75,DR
04/09/2026,SQ *BLUE BOTTLE COFFEE,143.25,DR
04/09/2026,DOORDASH*SUSHI,858.25,DR
04/09/2026,SHELL OIL 5741,1305.25,DR
04/10/2026,SQ *BLUE BOTTLE COFFEE,125.00,DR
04/10/2026,TRADER JOE'S #552,1270.50,DR
04/10/2026,SHELL OIL 5741,611.75,DR
04/11/2026,SQ *BLUE BOTTLE COFFEE,136.00,DR
04/11/2026,DOORDASH*THAI,1352.00,DR
04/12/2026,NETFLIX.COM*2164 LOS GATOS CA,387.25,DR
04/12/2026,TARGET T-5643,2142.00,DR
04/13/2026,CITYGYM MEMBERSHIP,300.00,DR
04/13/2026,AMZN Mktp US*7GA1E,1697.50,DR
04/14/2026,TST* BLUE BOTTLE,168.00,DR
04/14/2026,SHELL OIL 5741,618.75,DR
04/16/2026,SQ *BLUE BOTTLE COFFEE,194.00,DR
04/16/2026,UBER *TRIP,589.50,DR
04/17/2026,SQ *BLUE BOTTLE COFFEE,183.25,DR
04/18/2026,Amazon Prime*3TUAJ,374.75,DR
04/18/2026,SQ *BLUE BOTTLE COFFEE,179.25,DR
04/18/2026,UBER *TRIP,349.50,DR
04/18/2026,CHEESECAKE FACTORY #0112,849.75,DR
04/19/2026,DOORDASH*PIZZA,1177.50,DR
04/20/2026,HULU 877-8244858 CA,199.75,DR
04/20/2026,CITYGYM MEMBERSHIP,300.00,DR
04/20/2026,SHELL OIL 5741,865.25,DR
04/21/2026,SQ *BLUE BOTTLE COFFEE,182.75,DR
04/22/2026,TST* BLUE BOTTLE,166.25,DR
04/22/2026,CHEESECAKE FACTORY #0112,1093.00,DR
04/23/2026,TST* BLUE BOTTLE,175.75,DR
04/24/2026,UBER *TRIP,1070.25,DR
04/25/2026,AMZN Mktp US*AS3L6,1107.75,DR
04/25/2026,TST* BLUE BOTTLE,125.75,DR
04/25/2026,UBER *TRIP,984.75,DR
04/26/2026,DOORDASH*PIZZA,485.25,DR
04/27/2026,CITYGYM MEMBERSHIP,300.00,DR
04/27/2026,UBER *TRIP,781.25,DR
04/27/2026,DOORDASH*THAI,952.50,DR
04/27/2026,SHELL OIL 5741,1114.75,DR
04/27/2026,CHEESECAKE FACTORY #0112,1208.00,DR
04/28/2026,SQ *BLUE BOTTLE COFFEE,161.75,DR
04/28/2026,SHELL OIL 5741,1675.50,DR
04/28/2026,PAYMENT - THANK YOU,61607.00,CR
04/30/2026,SQ *BLUE BOTTLE COFFEE,138.25,DR
04/30/2026,UBER *TRIP,994.25,DR
05/01/2026,TST* BLUE BOTTLE,140.75,DR
05/01/2026,WHOLEFDS MKT 10233,1437.25,DR
05/02/2026,DOORDASH*PIZZA,752.25,DR
05/03/2026,SPOTIFY USA 877-778-1161,274.75,DR
05/03/2026,SQ *BLUE BOTTLE COFFEE,183.00,DR
05/03/2026,TRADER JOE'S #552,2353.75,DR
05/04/2026,CITYGYM MEMBERSHIP,300.00,DR
05/04/2026,WHOLEFDS MKT 10233,1286.50,DR
05/05/2026,TST* BLUE BOTTLE,184.50,DR
05/05/2026,DOORDASH*SUSHI,1418.00,DR
05/06/2026,TRADER JOE'S #552,1325.50,DR
05/07/2026,SQ *BLUE BOTTLE COFFEE,179.75,DR
05/07/2026,WHOLEFDS MKT 10233,1805.75,DR
05/08/2026,SQ *BLUE BOTTLE COFFEE,172.75,DR
05/08/2026,UBER *TRIP,1112.00,DR
05/09/2026,SQ *BLUE BOTTLE COFFEE,192.75,DR
05/11/2026,CITYGYM MEMBERSHIP,300.00,DR
05/12/2026,NETFLIX.COM*9334 LOS GATOS CA,387.25,DR
05/12/2026,AMAZON.COM*WM3ZG,707.50,DR
05/12/2026,TST* BLUE BOTTLE,144.00,DR
05/12/2026,WHOLEFDS MKT 10233,1327.50,DR
05/12/2026,UBER *TRIP,682.50,DR
05/13/2026,TST* BLUE BOTTLE,153.00,DR
05/13/2026,WHOLEFDS MKT 10233,1417.50,DR
05/13/2026,TARGET T-7680,595.50,DR
05/14/2026,SHELL OIL 5741,999.50,DR
05/15/2026,SQ *BLUE BOTTLE COFFEE,177.75,DR
05/15/2026,WHOLEFDS MKT 10233,884.25,DR
05/15/2026,TARGET T-8448,1551.00,DR
05/16/2026,AMAZON.COM*CC1A0,1447.75,DR
05/16/2026,TST* BLUE BOTTLE,141.75,DR
05/17/2026,AMAZON.COM*YC9HM,1214.75,DR
05/17/2026,TST* BLUE BOTTLE,192.25,DR
05/17/2026,WHOLEFDS MKT 10233,2333.50,DR
05/18/2026,Amazon Prime*0E1C7,374.75,DR
05/18/2026,CITYGYM MEMBERSHIP,300.00,DR
05/18/2026,DOORDASH*SUSHI,1249.00,DR
05/20/2026,HULU 877-8244858 CA,199.75,DR
05/21/2026,TRADER JOE'S #552,2431.50,DR
05/21/2026,UBER *TRIP,532.50,DR
05/22/2026,SQ *BLUE BOTTLE COFFEE,124.75,DR
05/22/2026,WHOLEFDS MKT 10233,2525.50,DR
05/22/2026,UBER *TRIP,367.00,DR
05/22/2026,DOORDASH*PIZZA,1020.50,DR
05/22/2026,SHELL OIL 5741,1219.25,DR
05/23/2026,SQ *BLUE BOTTLE COFFEE,131.75,DR
05/23/2026,SHELL OIL 5741,1130.00,DR
05/23/2026,TARGET T-8751,2025.25,DR
05/24/2026,WHOLEFDS MKT 10233,2198.25,DR
05/24/2026,SHELL OIL 5741,1228.00,DR
05/24/2026,TARGET T-2575,1862.75,DR
05/25/2026,CITYGYM MEMBERSHIP,300.00,DR
05/25/2026,SQ *BLUE BOTTLE COFFEE,172.50,DR
05/26/2026,SQ *BLUE BOTTLE COFFEE,113.75,DR
05/27/2026,UBER *TRIP,599.75,DR
05/27/2026,DOORDASH*THAI,1443.25,DR
05/27/2026,TARGET T-5013,892.50,DR
05/27/2026,CHEESECAKE FACTORY #0112,2305.75,DR
05/28/2026,TST* BLUE BOTTLE,121.00,DR
05/28/2026,PAYMENT - THANK YOU,42022.25,CR
05/29/2026,TARGET T-6318,2199.25,DR
05/30/2026,SQ *BLUE BOTTLE COFFEE,119.75,DR
05/30/2026,SHELL OIL 5741,571.50,DR
05/31/2026,TST* BLUE BOTTLE,169.50,DR
06/01/2026,CITYGYM MEMBERSHIP,300.00,DR
06/01/2026,SQ *BLUE BOTTLE COFFEE,155.50,DR
06/01/2026,TRADER JOE'S #552,1265.00,DR
06/01/2026,CHEESECAKE FACTORY #0112,1932.50,DR
06/02/2026,UBER *TRIP,646.00,DR
06/03/2026,SPOTIFY USA 877-778-1161,274.75,DR
06/03/2026,AMZN Mktp US*8DP6Y,688.75,DR
06/03/2026,TST* BLUE BOTTLE,140.50,DR
06/03/2026,DOORDASH*PIZZA,594.25,DR
06/04/2026,AMZN Mktp US*BU7T8,751.75,DR
06/04/2026,TST* BLUE BOTTLE,126.00,DR
06/04/2026,DOORDASH*SUSHI,981.25,DR
06/05/2026,SQ *BLUE BOTTLE COFFEE,194.75,DR
06/05/2026,WHOLEFDS MKT 10233,2704.00,DR
06/05/2026,UBER *TRIP,618.25,DR
06/06/2026,TST* BLUE BOTTLE,150.25,DR
06/07/2026,TST* BLUE BOTTLE,174.25,DR
06/08/2026,CITYGYM MEMBERSHIP,300.00,DR
06/08/2026,TRADER JOE'S #552,2673.25,DR
06/08/2026,DOORDASH*THAI,677.00,DR
06/08/2026,SHELL OIL 5741,1339.25,DR
06/09/2026,TST* BLUE BOTTLE,192.50,DR
06/09/2026,UBER *TRIP,1015.25,DR
06/09/2026,SHELL OIL 5741,1692.00,DR
06/10/2026,TRADER JOE'S #552,2515.75,DR
06/11/2026,TST* BLUE BOTTLE,135.25,DR
06/11/2026,DOORDASH*SUSHI,1144.00,DR
06/12/2026,NETFLIX.COM*2460 LOS GATOS CA,387.25,DR
06/12/2026,WHOLEFDS MKT 10233,1181.00,DR
06/12/2026,UBER *TRIP,446.00,DR
06/13/2026,WHOLEFDS MKT 10233,2421.00,DR
06/13/2026,UBER *TRIP,939.25,DR
06/14/2026,TST* BLUE BOTTLE,171.50,DR
06/15/2026,CITYGYM MEMBERSHIP,300.00,DR
06/15/2026,AMAZON.COM*ZG2C1,557.50,DR
06/15/2026,SHELL OIL 5741,607.75,DR
06/15/2026,CHEESECAKE FACTORY #0112,1079.75,DR
06/16/2026,TRADER JOE'S #552,1420.00,DR
06/17/2026,TST* BLUE BOTTLE,136.00,DR
06/17/2026,UBER *TRIP,882.00,DR
06/17/2026,DOORDASH*SUSHI,1542.00,DR
06/17/2026,CHEESECAKE FACTORY #0112,2207.75,DR
06/18/2026,Amazon Prime*2K633,374.75,DR
06/18/2026,TST* BLUE BOTTLE,166.25,DR
06/18/2026,TRADER JOE'S #552,2272.25,DR
06/19/2026,AMAZON.COM*RU6YV,1997.50,DR
06/19/2026,SQ *BLUE BOTTLE COFFEE,121.50,DR
06/19/2026,DOORDASH*PIZZA,731.25,DR
06/19/2026,TARGET T-9115,2259.25,DR
06/20/2026,HULU 877-8244858 CA,199.75,DR
06/20/2026,SQ *BLUE BOTTLE COFFEE,141.75,DR
06/20/2026,UBER *TRIP,329.00,DR
06/22/2026,CITYGYM MEMBERSHIP,300.00,DR
06/22/2026,SQ *BLUE BOTTLE COFFEE,129.25,DR
06/22/2026,DOORDASH*PIZZA,877.75,DR
06/23/2026,TST* BLUE BOTTLE,132.00,DR
06/23/2026,UBER *TRIP,1103.00,DR
06/24/2026,TST* BLUE BOTTLE,185.75,DR
06/24/2026,WHOLEFDS MKT 10233,2675.75,DR
06/25/2026,DOORDASH*THAI,861.50,DR
06/26/2026,UBER *TRIP,795.25,DR
06/27/2026,AMAZON.COM*NLYRL,700.75,DR
06/27/2026,CHEESECAKE FACTORY #0112,1707.50,DR
06/28/2026,PAYMENT - THANK YOU,59466.25,CR
06/29/2026,CITYGYM MEMBERSHIP,300.00,DR
06/29/2026,CHEESECAKE FACTORY #0112,1411.50,DR
07/01/2026,DOORDASH*PIZZA,1246.50,DR
07/01/2026,CHEESECAKE FACTORY #0112,980.00,DR
07/02/2026,SQ *BLUE BOTTLE COFFEE,193.75,DR
07/02/2026,WHOLEFDS MKT 10233,2410.50,DR
07/02/2026,UBER *TRIP,734.00,DR
07/03/2026,SPOTIFY USA 877-778-1161,274.75,DR
07/03/2026,SQ *BLUE BOTTLE COFFEE,156.50,DR
07/04/2026,SQ *BLUE BOTTLE COFFEE,155.25,DR
07/04/2026,SHELL OIL 5741,1273.50,DR
07/05/2026,AMAZON.COM*0WVKW,1941.25,DR
07/05/2026,DOORDASH*PIZZA,1091.25,DR
07/06/2026,CITYGYM MEMBERSHIP,300.00,DR
07/06/2026,CHEESECAKE FACTORY #0112,1242.50,DR
07/07/2026,SQ *BLUE BOTTLE COFFEE,158.00,DR
07/07/2026,UBER *TRIP,818.25,DR
07/08/2026,SQ *BLUE BOTTLE COFFEE,115.00,DR
07/08/2026,CHEESECAKE FACTORY #0112,1793.75,DR
07/09/2026,SQ *BLUE BOTTLE COFFEE,118.00,DR
07/09/2026,WHOLEFDS MKT 10233,2106.75,DR
07/09/2026,UBER *TRIP,406.50,DR
07/10/2026,SQ *BLUE BOTTLE COFFEE,163.25,DR
07/10/2026,CHEESECAKE FACTORY #0112,1990.00,DR
07/12/2026,NETFLIX.COM*4233 LOS GATOS CA,387.25,DR
07/12/2026,SQ *BLUE BOTTLE COFFEE,132.25,DR
07/12/2026,WHOLEFDS MKT 10233,1103.25,DR
07/13/2026,CITYGYM MEMBERSHIP,300.00,DR
07/13/2026,TST* BLUE BOTTLE,120.00,DR
07/13/2026,WHOLEFDS MKT 10233,1116.25,DR
07/13/2026,DOORDASH*PIZZA,864.50,DR
07/15/2026,UBER *TRIP,1053.25,DR
07/16/2026,UBER *TRIP,306.25,DR
07/17/2026,TST* BLUE BOTTLE,170.50,DR
07/17/2026,DOORDASH*PIZZA,1581.50,DR
07/18/2026,Amazon Prime*YLW4V,374.75,DR
07/18/2026,TST* BLUE BOTTLE,132.25,DR
07/18/2026,WHOLEFDS MKT 10233,2082.50,DR
07/18/2026,UBER *TRIP,1004.00,DR
07/19/2026,SQ *BLUE BOTTLE COFFEE,149.25,DR
07/19/2026,TARGET T-5936,608.25,DR
07/20/2026,CITYGYM MEMBERSHIP,300.00,DR
07/20/2026,AMAZON.COM*8UELA,1797.25,DR
07/20/2026,SQ *BLUE BOTTLE COFFEE,168.75,DR
07/20/2026,UBER *TRIP,491.75,DR
07/21/2026,TRADER JOE'S #552,2551.50,DR
07/22/2026,SQ *BLUE BOTTLE COFFEE,120.00,DR
07/22/2026,UBER *TRIP,893.00,DR
07/23/2026,TST* BLUE BOTTLE,117.25,DR
07/23/2026,TARGET T-2671,2448.00,DR
07/25/2026,TST* BLUE BOTTLE,118.50,DR
07/25/2026,WHOLEFDS MKT 10233,1112.25,DR
07/26/2026,WHOLEFDS MKT 10233,1882.50,DR
07/27/2026,CITYGYM MEMBERSHIP,300.00,DR
07/27/2026,SQ *BLUE BOTTLE COFFEE,180.00,DR
07/27/2026,TRADER JOE'S #552,1591.00,DR
07/27/2026,DOORDASH*PIZZA,455.00,DR
07/28/2026,TST* BLUE BOTTLE,120.00,DR
07/28/2026,UBER *TRIP,427.00,DR
07/28/2026,PAYMENT - THANK YOU,55631.50,CR
07/29/2026,SHELL OIL 5741,594.00,DR
07/30/2026,TST* BLUE BOTTLE,114.25,DR
07/31/2026,TST* BLUE BOTTLE,168.50,DR
08/02/2026,TST* BLUE BOTTLE,164.50,DR
08/03/2026,SPOTIFY USA 877-778-1161,299.75,DR
08/03/2026,CITYGYM MEMBERSHIP,300.00,DR
08/03/2026,TST* BLUE BOTTLE,148.00,DR
08/03/2026,UBER *TRIP,434.50,DR
08/03/2026,DOORDASH*THAI,1121.00,DR
08/04/2026,AMZN Mktp US*69HJP,1194.00,DR
08/04/2026,TST* BLUE BOTTLE,112.50,DR
08/04/2026,DOORDASH*SUSHI,1488.75,DR
08/05/2026,TST* BLUE BOTTLE,122.75,DR
08/05/2026,UBER *TRIP,1091.50,DR
08/06/2026,WHOLEFDS MKT 10233,1171.00,DR
08/06/2026,UBER *TRIP,250.00,DR
08/07/2026,TST* BLUE BOTTLE,156.75,DR
08/07/2026,TRADER JOE'S #552,1115.25,DR
08/07/2026,UBER *TRIP,297.75,DR
08/08/2026,TST* BLUE BOTTLE,129.75,DR
08/08/2026,DOORDASH*PIZZA,772.25,DR
08/09/2026,TST* BLUE BOTTLE,142.00,DR
08/09/2026,UBER *TRIP,1018.50,DR
08/09/2026,CHEESECAKE FACTORY #0112,1707.00,DR
08/10/2026,CITYGYM MEMBERSHIP,300.00,DR
08/11/2026,TST* BLUE BOTTLE,162.75,DR
08/11/2026,UBER *TRIP,573.75,DR
08/12/2026,NETFLIX.COM*2039 LOS GATOS CA,387.25,DR
08/12/2026,TST* BLUE BOTTLE,170.75,DR
08/12/2026,WHOLEFDS MKT 10233,2514.00,DR
08/12/2026,UBER *TRIP,314.25,DR
08/13/2026,WHOLEFDS MKT 10233,926.00,DR
08/13/2026,CHEESECAKE FACTORY #0112,2088.75,DR
08/14/2026,SQ *BLUE BOTTLE COFFEE,150.75,DR
08/14/2026,CHEESECAKE FACTORY #0112,1818.25,DR
08/14/2026,APPLE STORE R102,24975.00,DR
08/15/2026,TST* BLUE BOTTLE,151.50,DR
08/15/2026,UBER *TRIP,874.50,DR
08/15/2026,SHELL OIL 5741,1478.00,DR
08/16/2026,CHEESECAKE FACTORY #0112,2097.75,DR
08/17/2026,CITYGYM MEMBERSHIP,300.00,DR
08/17/2026,TRADER JOE'S #552,1461.25,DR
08/18/2026,Amazon Prime*XWPRM,374.75,DR
08/18/2026,DOORDASH*THAI,1181.50,DR
08/18/2026,SHELL OIL 5741,1666.00,DR
08/18/2026,TARGET T-4542,1576.00,DR
08/19/2026,UBER *TRIP,716.25,DR
08/20/2026,SQ *BLUE BOTTLE COFFEE,133.50,DR
08/20/2026,TRADER JOE'S #552,2727.75,DR
08/21/2026,DOORDASH*THAI,1031.75,DR
08/23/2026,AMZN Mktp US*11UZU,889.75,DR
08/23/2026,SHELL OIL 5741,947.00,DR
08/24/2026,CITYGYM MEMBERSHIP,300.00,DR
08/24/2026,SQ *BLUE BOTTLE COFFEE,176.50,DR
08/24/2026,CHEESECAKE FACTORY #0112,2333.50,DR
08/25/2026,TARGET T-0251,3736.75,DR
08/25/2026,CHEESECAKE FACTORY #0112,1329.75,DR
08/27/2026,TST* BLUE BOTTLE,120.50,DR
08/28/2026,WHOLEFDS MKT 10233,2347.75,DR
08/28/2026,PAYMENT - THANK YOU,42591.00,CR
08/30/2026,CHEESECAKE FACTORY #0112,1932.50,DR
08/31/2026,CITYGYM MEMBERSHIP,300.00,DR
08/31/2026,SQ *BLUE BOTTLE COFFEE,118.75,DR
08/31/2026,TRADER JOE'S #552,1725.00,DR
08/31/2026,UBER *TRIP,757.50,DR
08/31/2026,CHEESECAKE FACTORY #0112,1946.25,DR
09/01/2026,AMAZON.COM*XUT1M,1043.50,DR
09/01/2026,SQ *BLUE BOTTLE COFFEE,128.25,DR
09/01/2026,TRADER JOE'S #552,2025.25,DR
09/01/2026,UBER *TRIP,743.50,DR
09/01/2026,DOORDASH*PIZZA,529.25,DR
09/02/2026,SQ *BLUE BOTTLE COFFEE,173.00,DR
09/02/2026,WHOLEFDS MKT 10233,2074.75,DR
09/02/2026,DOORDASH*SUSHI,1503.50,DR
09/03/2026,SPOTIFY USA 877-778-1161,299.75,DR
09/03/2026,WHOLEFDS MKT 10233,1222.75,DR
09/03/2026,CHEESECAKE FACTORY #0112,1323.75,DR
09/04/2026,CHEESECAKE FACTORY #0112,901.00,DR
09/05/2026,SQ *BLUE BOTTLE COFFEE,151.75,DR
09/05/2026,CHEESECAKE FACTORY #0112,1336.25,DR
09/06/2026,SQ *BLUE BOTTLE COFFEE,173.25,DR
09/06/2026,WHOLEFDS MKT 10233,1745.50,DR
09/07/2026,CITYGYM MEMBERSHIP,300.00,DR
09/07/2026,TST* BLUE BOTTLE,157.75,DR
09/09/2026,AMZN Mktp US*5M2G0,1807.25,DR
09/09/2026,TST* BLUE BOTTLE,194.50,DR
09/10/2026,SQ *BLUE BOTTLE COFFEE,143.50,DR
09/10/2026,UBER *TRIP,897.25,DR
09/11/2026,TST* BLUE BOTTLE,172.00,DR
09/12/2026,NETFLIX.COM*4443 LOS GATOS CA,387.25,DR
09/12/2026,SQ *BLUE BOTTLE COFFEE,113.75,DR
09/12/2026,TRADER JOE'S #552,2523.50,DR
09/13/2026,SQ *BLUE BOTTLE COFFEE,182.25,DR
09/14/2026,CITYGYM MEMBERSHIP,300.00,DR
09/14/2026,SQ *BLUE BOTTLE COFFEE,148.00,DR
09/14/2026,WHOLEFDS MKT 10233,2320.25,DR
09/14/2026,UBER *TRIP,368.00,DR
09/15/2026,TST* BLUE BOTTLE,179.25,DR
09/18/2026,Amazon Prime*Q2XUN,374.75,DR
09/18/2026,SQ *BLUE BOTTLE COFFEE,175.50,DR
09/18/2026,WHOLEFDS MKT 10233,1643.25,DR
09/18/2026,DOORDASH*PIZZA,1342.25,DR
09/19/2026,UBER *TRIP,865.75,DR
09/19/2026,CHEESECAKE FACTORY #0112,2089.00,DR
09/20/2026,TST* BLUE BOTTLE,130.00,DR
09/21/2026,CITYGYM MEMBERSHIP,300.00,DR
09/21/2026,TST* BLUE BOTTLE,175.75,DR
09/21/2026,TRADER JOE'S #552,2734.25,DR
09/21/2026,DOORDASH*SUSHI,1416.75,DR
09/22/2026,SQ *BLUE BOTTLE COFFEE,118.00,DR
09/22/2026,WHOLEFDS MKT 10233,970.00,DR
09/22/2026,DOORDASH*THAI,1519.75,DR
09/22/2026,SHELL OIL 5741,1727.75,DR
09/23/2026,DOORDASH*SUSHI,756.75,DR
09/24/2026,DOORDASH*THAI,502.25,DR
09/24/2026,TARGET T-9819,1417.50,DR
