When,What,Out,In
01/08/2025,ACH DEBIT GREENVIEW PROPERTY MGMT 00231,35000.00,
03/08/2025,DEBIT CARD PURCHASE CVS/PHARMACY #0921,403.25,
04/08/2025,VENMO PAYMENT 9809346,1470.50,
05/08/2025,ACH DEBIT AUTOFIN LOAN PMT,7750.00,
05/08/2025,DEBIT CARD PURCHASE CHIPOTLE 2231,621.75,
06/08/2025,DEBIT CARD PURCHASE CHIPOTLE 2231,655.00,
07/08/2025,DEBIT CARD PURCHASE CVS/PHARMACY #0921,275.50,
08/08/2025,DEBIT CARD PURCHASE SAFEWAY #1234,606.00,
09/08/2025,VENMO PAYMENT 8806800,421.50,
10/08/2025,DEBIT CARD PURCHASE CVS/PHARMACY #0921,575.50,
11/08/2025,DEBIT CARD PURCHASE CHIPOTLE 2231,526.75,
12/08/2025,DEBIT CARD PURCHASE CHIPOTLE 2231,392.50,
13/08/2025,DEBIT CARD PURCHASE CVS/PHARMACY #0921,575.25,
14/08/2025,DEBIT CARD PURCHASE CHIPOTLE 2231,492.00,
15/08/2025,ACH DEBIT VERIZON WIRELESS PAYMENTS,1217.75,
15/08/2025,DEBIT CARD PURCHASE CVS/PHARMACY #0921,209.50,
16/08/2025,DEBIT CARD PURCHASE CHIPOTLE 2231,434.50,
17/08/2025,ATM WITHDRAWAL 1123 MAIN ST,2500.00,
18/08/2025,DEBIT CARD PURCHASE SAFEWAY #1234,793.25,
29/08/2025,PAYROLL ACME DESIGN CO PPD ID:99812,,121250.00
